bat_SB,Year,bat_AB,bat_SF,bat_TB,bat_CS,bat_SH,bat_2B,bat_PA,bat_1B,bat_SO,bat_H,bat_HBP,bat_GIDP,bat_R,bat_BB,bat_FO,bat_G,bat_3B,bat_GO,bat_RBI,bat_HR,bat_IBB,bat_BB_percent,bat_K_percent,pit_BF,pit_BK,pit_SHO,pit_IP,pit_ER,pit_W,pit_NBB,pit_SO,pit_GR,pit_SV,pit_H,pit_HBP,pit_HLD,pit_BB,pit_R,pit_FO,pit_G,pit_GO,pit_BS,pit_WP,pit_L,pit_HR,pit_NP,pit_IBB,pit_CG,pit_GS,fld_G,fld_TC,fld_PO,fld_A,fld_E,fld_DP,fld_TP,fld_PB,fld_CS,fld_SB,fld_POS_main,Win,Lose,Tie,Name_Display,Team_Display,Year_Display,Real_OPS
0.0,2025,332.0,2.0,135.0,0.0,0.0,0.0,377.0,0.0,45.0,109.0,0.0,0.0,0.0,41.0,0.0,0.0,0.0,0.0,0.0,0.0,0.0,0.10875331564986737,0.11936339522546419,0.0,0.0,0.0,377.0,0.0,0.0,0.0,0.0,0.0,0.0,87.0,0.0,0.0,2.0,0.0,0.0,0.0,0.0,0.0,0.0,0.0,0.0,0.0,0.0,0.0,0.0,0.0,0.0,0.0,0.0,0.0,0.0,0.0,0.0,0.0,0.0,9,0.0,0.0,0.0,吳念庭,台鋼雄鷹,2025,0.8066265060240965
0.0,2025,330.0,1.0,199.0,0.0,0.0,0.0,375.0,0.0,65.0,105.0,7.0,0.0,0.0,37.0,0.0,0.0,0.0,0.0,0.0,0.0,0.0,0.09866666666666667,0.17333333333333334,0.0,0.0,0.0,377.0,0.0,0.0,0.0,0.0,0.0,0.0,87.0,0.0,0.0,2.0,0.0,0.0,0.0,0.0,0.0,0.0,0.0,0.0,0.0,0.0,0.0,0.0,0.0,0.0,0.0,0.0,0.0,0.0,0.0,0.0,0.0,0.0,9,0.0,0.0,0.0,林安可,統一獅,2025,1.0003636363636363
0.0,2025,433.0,3.0,178.0,0.0,0.0,0.0,479.0,0.0,54.0,133.0,0.0,0.0,0.0,42.0,0.0,0.0,0.0,0.0,0.0,0.0,0.0,0.08768267223382047,0.1127348643006263,0.0,0.0,0.0,377.0,0.0,0.0,0.0,0.0,0.0,0.0,87.0,0.0,0.0,2.0,0.0,0.0,0.0,0.0,0.0,0.0,0.0,0.0,0.0,0.0,0.0,0.0,0.0,0.0,0.0,0.0,0.0,0.0,0.0,0.0,0.0,0.0,9,0.0,0.0,0.0,陳晨威,樂天桃猿,2025,0.777194236957299
0.0,2025,388.0,4.0,161.0,0.0,0.0,0.0,417.0,0.0,64.0,119.0,4.0,0.0,0.0,21.0,0.0,0.0,0.0,0.0,0.0,0.0,0.0,0.050359712230215826,0.15347721822541965,0.0,0.0,0.0,377.0,0.0,0.0,0.0,0.0,0.0,0.0,87.0,0.0,0.0,2.0,0.0,0.0,0.0,0.0,0.0,0.0,0.0,0.0,0.0,0.0,0.0,0.0,0.0,0.0,0.0,0.0,0.0,0.0,0.0,0.0,0.0,0.0,9,0.0,0.0,0.0,林泓育,樂天桃猿,2025,0.7602721946154417
0.0,2025,331.0,4.0,195.0,0.0,0.0,0.0,382.0,0.0,60.0,101.0,2.0,0.0,0.0,45.0,0.0,0.0,0.0,0.0,0.0,0.0,0.0,0.11780104712041885,0.15706806282722513,0.0,0.0,0.0,377.0,0.0,0.0,0.0,0.0,0.0,0.0,87.0,0.0,0.0,2.0,0.0,0.0,0.0,0.0,0.0,0.0,0.0,0.0,0.0,0.0,0.0,0.0,0.0,0.0,0.0,0.0,0.0,0.0,0.0,0.0,0.0,0.0,9,0.0,0.0,0.0,魔鷹,台鋼雄鷹,2025,0.9765584220433083
0.0,2025,447.0,2.0,151.0,0.0,0.0,0.0,521.0,0.0,48.0,134.0,8.0,0.0,0.0,58.0,0.0,0.0,0.0,0.0,0.0,0.0,0.0,0.11132437619961612,0.09213051823416507,0.0,0.0,0.0,377.0,0.0,0.0,0.0,0.0,0.0,0.0,87.0,0.0,0.0,2.0,0.0,0.0,0.0,0.0,0.0,0.0,0.0,0.0,0.0,0.0,0.0,0.0,0.0,0.0,0.0,0.0,0.0,0.0,0.0,0.0,0.0,0.0,9,0.0,0.0,0.0,李凱威,味全龍,2025,0.7261571208270889
0.0,2025,361.0,2.0,133.0,0.0,0.0,0.0,393.0,0.0,65.0,106.0,0.0,0.0,0.0,28.0,0.0,0.0,0.0,0.0,0.0,0.0,0.0,0.07124681933842239,0.16539440203562342,0.0,0.0,0.0,377.0,0.0,0.0,0.0,0.0,0.0,0.0,87.0,0.0,0.0,2.0,0.0,0.0,0.0,0.0,0.0,0.0,0.0,0.0,0.0,0.0,0.0,0.0,0.0,0.0,0.0,0.0,0.0,0.0,0.0,0.0,0.0,0.0,9,0.0,0.0,0.0,林智平,樂天桃猿,2025,0.7111320500740341
0.0,2025,338.0,3.0,161.0,0.0,0.0,0.0,375.0,0.0,83.0,99.0,5.0,0.0,0.0,29.0,0.0,0.0,0.0,0.0,0.0,0.0,0.0,0.07733333333333334,0.22133333333333333,0.0,0.0,0.0,377.0,0.0,0.0,0.0,0.0,0.0,0.0,87.0,0.0,0.0,2.0,0.0,0.0,0.0,0.0,0.0,0.0,0.0,0.0,0.0,0.0,0.0,0.0,0.0,0.0,0.0,0.0,0.0,0.0,0.0,0.0,0.0,0.0,9,0.0,0.0,0.0,朱育賢,味全龍,2025,0.8309980276134122
0.0,2025,343.0,7.0,180.0,0.0,0.0,0.0,410.0,0.0,87.0,100.0,10.0,0.0,0.0,50.0,0.0,0.0,0.0,0.0,0.0,0.0,0.0,0.12195121951219512,0.2121951219512195,0.0,0.0,0.0,377.0,0.0,0.0,0.0,0.0,0.0,0.0,87.0,0.0,0.0,2.0,0.0,0.0,0.0,0.0,0.0,0.0,0.0,0.0,0.0,0.0,0.0,0.0,0.0,0.0,0.0,0.0,0.0,0.0,0.0,0.0,0.0,0.0,9,0.0,0.0,0.0,許基宏,中信兄弟,2025,0.9150252435468961
0.0,2025,436.0,4.0,153.0,0.0,0.0,0.0,489.0,0.0,71.0,124.0,4.0,0.0,0.0,41.0,0.0,0.0,0.0,0.0,0.0,0.0,0.0,0.08384458077709611,0.14519427402862986,0.0,0.0,0.0,377.0,0.0,0.0,0.0,0.0,0.0,0.0,87.0,0.0,0.0,2.0,0.0,0.0,0.0,0.0,0.0,0.0,0.0,0.0,0.0,0.0,0.0,0.0,0.0,0.0,0.0,0.0,0.0,0.0,0.0,0.0,0.0,0.0,9,0.0,0.0,0.0,王博玄,台鋼雄鷹,2025,0.6993710394400832
0.0,2025,436.0,3.0,153.0,0.0,0.0,0.0,485.0,0.0,43.0,122.0,7.0,0.0,0.0,30.0,0.0,0.0,0.0,0.0,0.0,0.0,0.0,0.061855670103092786,0.088659793814433,0.0,0.0,0.0,377.0,0.0,0.0,0.0,0.0,0.0,0.0,87.0,0.0,0.0,2.0,0.0,0.0,0.0,0.0,0.0,0.0,0.0,0.0,0.0,0.0,0.0,0.0,0.0,0.0,0.0,0.0,0.0,0.0,0.0,0.0,0.0,0.0,9,0.0,0.0,0.0,郭天信,味全龍,2025,0.6849510446380387
0.0,2025,461.0,3.0,188.0,0.0,0.0,0.0,498.0,0.0,77.0,127.0,4.0,0.0,0.0,29.0,0.0,0.0,0.0,0.0,0.0,0.0,0.0,0.05823293172690763,0.15461847389558234,0.0,0.0,0.0,377.0,0.0,0.0,0.0,0.0,0.0,0.0,87.0,0.0,0.0,2.0,0.0,0.0,0.0,0.0,0.0,0.0,0.0,0.0,0.0,0.0,0.0,0.0,0.0,0.0,0.0,0.0,0.0,0.0,0.0,0.0,0.0,0.0,9,0.0,0.0,0.0,林佳緯,統一獅,2025,0.7297407001662906
0.0,2025,453.0,2.0,238.0,0.0,0.0,0.0,499.0,0.0,88.0,124.0,9.0,0.0,0.0,35.0,0.0,0.0,0.0,0.0,0.0,0.0,0.0,0.07014028056112225,0.17635270541082165,0.0,0.0,0.0,377.0,0.0,0.0,0.0,0.0,0.0,0.0,87.0,0.0,0.0,2.0,0.0,0.0,0.0,0.0,0.0,0.0,0.0,0.0,0.0,0.0,0.0,0.0,0.0,0.0,0.0,0.0,0.0,0.0,0.0,0.0,0.0,0.0,9,0.0,0.0,0.0,吉力吉撈．鞏冠,味全龍,2025,0.8620596601591705
0.0,2025,461.0,4.0,149.0,0.0,0.0,0.0,506.0,0.0,34.0,126.0,0.0,0.0,0.0,33.0,0.0,0.0,0.0,0.0,0.0,0.0,0.0,0.06521739130434782,0.06719367588932806,0.0,0.0,0.0,377.0,0.0,0.0,0.0,0.0,0.0,0.0,87.0,0.0,0.0,2.0,0.0,0.0,0.0,0.0,0.0,0.0,0.0,0.0,0.0,0.0,0.0,0.0,0.0,0.0,0.0,0.0,0.0,0.0,0.0,0.0,0.0,0.0,9,0.0,0.0,0.0,曾子祐,台鋼雄鷹,2025,0.6424875205812404
0.0,2025,382.0,8.0,121.0,0.0,0.0,0.0,455.0,0.0,51.0,104.0,21.0,0.0,0.0,34.0,0.0,0.0,0.0,0.0,0.0,0.0,0.0,0.07472527472527472,0.11208791208791209,0.0,0.0,0.0,377.0,0.0,0.0,0.0,0.0,0.0,0.0,87.0,0.0,0.0,2.0,0.0,0.0,0.0,0.0,0.0,0.0,0.0,0.0,0.0,0.0,0.0,0.0,0.0,0.0,0.0,0.0,0.0,0.0,0.0,0.0,0.0,0.0,9,0.0,0.0,0.0,江坤宇,中信兄弟,2025,0.6740572974880875
0.0,2023,349.0,3.0,177.0,1.0,2.0,31.0,392.0,77.0,43.0,118.0,6.0,10.0,57.0,32.0,103.0,96.0,2.0,90.0,54.0,8.0,1.0,0.08163265306122448,0.1096938775510204,0.0,0.0,0.0,0.0,0.0,0.0,0.0,0.0,0.0,0.0,0.0,0.0,0.0,0.0,0.0,0.0,0.0,0.0,0.0,0.0,0.0,0.0,0.0,0.0,0.0,0.0,96.0,241.0,72.0,151.0,18.0,17.0,0.0,0.0,0.0,0.0,0,60.0,56.0,4.0,梁家榮,樂天,2023,0.907163323782235
0.0,2024,368.0,6.0,125.0,0.0,4.0,16.0,411.0,78.0,60.0,98.0,5.0,13.0,35.0,27.0,108.0,98.0,1.0,112.0,37.0,3.0,1.0,0.06569343065693431,0.145985401459854,0.0,0.0,0.0,0.0,0.0,0.0,0.0,0.0,0.0,0.0,0.0,0.0,0.0,0.0,0.0,0.0,0.0,0.0,0.0,0.0,0.0,0.0,0.0,0.0,0.0,0.0,98.0,264.0,112.0,138.0,14.0,23.0,0.0,0.0,0.0,0.0,0,62.0,57.0,1.0,梁家榮,樂天,2024,0.6598709573784536
1.0,2023,306.0,6.0,128.0,3.0,1.0,21.0,329.0,51.0,63.0,81.0,1.0,8.0,40.0,15.0,103.0,91.0,1.0,66.0,43.0,8.0,0.0,0.04559270516717325,0.19148936170212766,0.0,0.0,0.0,0.0,0.0,0.0,0.0,0.0,0.0,0.0,0.0,0.0,0.0,0.0,0.0,0.0,0.0,0.0,0.0,0.0,0.0,0.0,0.0,0.0,0.0,0.0,92.0,395.0,165.0,211.0,19.0,47.0,0.0,0.0,0.0,0.0,2,60.0,56.0,4.0,林承飛,樂天,2023,0.7140323609118444
0.0,2024,204.0,3.0,75.0,0.0,2.0,10.0,220.0,28.0,59.0,45.0,1.0,4.0,25.0,10.0,58.0,73.0,1.0,47.0,31.0,6.0,1.0,0.045454545454545456,0.2681818181818182,0.0,0.0,0.0,0.0,0.0,0.0,0.0,0.0,0.0,0.0,0.0,0.0,0.0,0.0,0.0,0.0,0.0,0.0,0.0,0.0,0.0,0.0,0.0,0.0,0.0,0.0,55.0,189.0,89.0,92.0,8.0,16.0,0.0,0.0,0.0,0.0,0,62.0,57.0,1.0,林承飛,樂天,2024,0.6245277927684836
0.0,2023,387.0,5.0,202.0,0.0,0.0,15.0,443.0,84.0,62.0,121.0,7.0,11.0,62.0,44.0,134.0,111.0,0.0,75.0,83.0,22.0,2.0,0.09932279909706546,0.1399548532731377,0.0,0.0,0.0,0.0,0.0,0.0,0.0,0.0,0.0,0.0,0.0,0.0,0.0,0.0,0.0,0.0,0.0,0.0,0.0,0.0,0.0,0.0,0.0,0.0,0.0,0.0,6.0,45.0,39.0,3.0,3.0,3.0,0.0,0.0,0.0,0.0,0,60.0,56.0,4.0,廖健富,樂天,2023,0.910225675305207
0.0,2024,260.0,1.0,110.0,0.0,1.0,14.0,289.0,56.0,38.0,77.0,2.0,5.0,27.0,25.0,90.0,77.0,2.0,57.0,35.0,5.0,1.0,0.08650519031141868,0.1314878892733564,0.0,0.0,0.0,0.0,0.0,0.0,0.0,0.0,0.0,0.0,0.0,0.0,0.0,0.0,0.0,0.0,0.0,0.0,0.0,0.0,0.0,0.0,0.0,0.0,0.0,0.0,49.0,384.0,349.0,27.0,8.0,37.0,0.0,0.0,0.0,0.0,0,62.0,57.0,1.0,廖健富,樂天,2024,0.7841880341880342
14.0,2023,438.0,1.0,148.0,7.0,16.0,14.0,510.0,110.0,50.0,127.0,16.0,13.0,62.0,39.0,122.0,120.0,2.0,156.0,40.0,1.0,0.0,0.07647058823529412,0.09803921568627451,0.0,0.0,0.0,0.0,0.0,0.0,0.0,0.0,0.0,0.0,0.0,0.0,0.0,0.0,0.0,0.0,0.0,0.0,0.0,0.0,0.0,0.0,0.0,0.0,0.0,0.0,127.0,241.0,232.0,7.0,2.0,1.0,0.0,0.0,0.0,0.0,4,60.0,56.0,4.0,成晉,樂天,2023,0.7063205960105743
10.0,2023,335.0,2.0,128.0,2.0,1.0,13.0,374.0,51.0,64.0,77.0,9.0,9.0,46.0,27.0,100.0,99.0,1.0,97.0,45.0,12.0,1.0,0.07219251336898395,0.1711229946524064,0.0,0.0,0.0,0.0,0.0,0.0,0.0,0.0,0.0,0.0,0.0,0.0,0.0,0.0,0.0,0.0,0.0,0.0,0.0,0.0,0.0,0.0,0.0,0.0,0.0,0.0,106.0,225.0,214.0,8.0,3.0,1.0,0.0,0.0,0.0,0.0,4,48.0,67.0,5.0,申皓瑋,富邦,2023,0.6850386139010043
3.0,2024,405.0,9.0,153.0,1.0,0.0,17.0,450.0,74.0,78.0,103.0,10.0,15.0,48.0,26.0,121.0,114.0,3.0,112.0,60.0,9.0,1.0,0.057777777777777775,0.17333333333333334,0.0,0.0,0.0,0.0,0.0,0.0,0.0,0.0,0.0,0.0,0.0,0.0,0.0,0.0,0.0,0.0,0.0,0.0,0.0,0.0,0.0,0.0,0.0,0.0,0.0,0.0,102.0,242.0,235.0,5.0,2.0,2.0,0.0,0.0,0.0,0.0,4,53.0,66.0,1.0,申皓瑋,富邦,2024,0.6866666666666666
0.0,2024,296.0,3.0,98.0,0.0,8.0,12.0,348.0,63.0,43.0,78.0,11.0,9.0,26.0,30.0,102.0,101.0,1.0,84.0,30.0,2.0,0.0,0.08620689655172414,0.1235632183908046,0.0,0.0,0.0,0.0,0.0,0.0,0.0,0.0,0.0,0.0,0.0,0.0,0.0,0.0,0.0,0.0,0.0,0.0,0.0,0.0,0.0,0.0,0.0,0.0,0.0,0.0,98.0,272.0,154.0,111.0,7.0,22.0,0.0,0.0,0.0,0.0,0,49.0,70.0,1.0,杜家明,台鋼,2024,0.681081081081081
11.0,2023,246.0,3.0,81.0,5.0,6.0,12.0,284.0,27.0,47.0,47.0,2.0,5.0,26.0,27.0,84.0,99.0,2.0,77.0,32.0,6.0,1.0,0.09507042253521127,0.16549295774647887,0.0,0.0,0.0,0.0,0.0,0.0,0.0,0.0,0.0,0.0,0.0,0.0,0.0,0.0,0.0,0.0,0.0,0.0,0.0,0.0,0.0,0.0,0.0,0.0,0.0,0.0,120.0,130.0,127.0,2.0,1.0,0.0,0.0,0.0,0.0,0.0,4,57.0,58.0,5.0,陳文杰,中信,2023,0.6026495876469556
11.0,2024,404.0,3.0,152.0,5.0,14.0,27.0,463.0,73.0,67.0,107.0,6.0,5.0,55.0,36.0,136.0,107.0,3.0,111.0,42.0,4.0,0.0,0.07775377969762419,0.1447084233261339,0.0,0.0,0.0,0.0,0.0,0.0,0.0,0.0,0.0,0.0,0.0,0.0,0.0,0.0,0.0,0.0,0.0,0.0,0.0,0.0,0.0,0.0,0.0,0.0,0.0,0.0,115.0,310.0,296.0,10.0,4.0,2.0,0.0,0.0,0.0,0.0,4,49.0,70.0,1.0,陳文杰,台鋼,2024,0.7080861761009063
13.0,2023,426.0,4.0,133.0,5.0,2.0,11.0,454.0,103.0,41.0,116.0,1.0,9.0,49.0,21.0,129.0,104.0,0.0,146.0,44.0,2.0,1.0,0.046255506607929514,0.09030837004405286,0.0,0.0,0.0,0.0,0.0,0.0,0.0,0.0,0.0,0.0,0.0,0.0,0.0,0.0,0.0,0.0,0.0,0.0,0.0,0.0,0.0,0.0,0.0,0.0,0.0,0.0,99.0,236.0,77.0,153.0,6.0,13.0,0.0,0.0,0.0,0.0,2,57.0,58.0,5.0,王威晨,中信,2023,0.6175163072832274
8.0,2024,269.0,1.0,112.0,5.0,2.0,17.0,299.0,57.0,26.0,80.0,1.0,2.0,33.0,26.0,80.0,75.0,3.0,86.0,34.0,3.0,1.0,0.08695652173913043,0.08695652173913043,0.0,0.0,0.0,0.0,0.0,0.0,0.0,0.0,0.0,0.0,0.0,0.0,0.0,0.0,0.0,0.0,0.0,0.0,0.0,0.0,0.0,0.0,0.0,0.0,0.0,0.0,74.0,160.0,61.0,95.0,4.0,15.0,0.0,0.0,0.0,0.0,2,70.0,50.0,0.0,王威晨,中信,2024,0.7766262375927804
13.0,2024,403.0,5.0,160.0,3.0,0.0,25.0,478.0,80.0,86.0,113.0,9.0,10.0,53.0,61.0,128.0,110.0,2.0,81.0,60.0,6.0,1.0,0.12761506276150628,0.1799163179916318,0.0,0.0,0.0,0.0,0.0,0.0,0.0,0.0,0.0,0.0,0.0,0.0,0.0,0.0,0.0,0.0,0.0,0.0,0.0,0.0,0.0,0.0,0.0,0.0,0.0,0.0,100.0,213.0,209.0,0.0,4.0,0.0,0.0,0.0,0.0,0.0,4,49.0,70.0,1.0,王柏融,台鋼,2024,0.7798675207907224
2.0,2023,198.0,2.0,70.0,1.0,4.0,4.0,236.0,39.0,44.0,49.0,3.0,3.0,16.0,29.0,60.0,63.0,1.0,51.0,26.0,5.0,1.0,0.1228813559322034,0.1864406779661017,0.0,0.0,0.0,0.0,0.0,0.0,0.0,0.0,0.0,0.0,0.0,0.0,0.0,0.0,0.0,0.0,0.0,0.0,0.0,0.0,0.0,0.0,0.0,0.0,0.0,0.0,59.0,467.0,431.0,33.0,3.0,42.0,0.0,0.0,0.0,0.0,0,57.0,58.0,5.0,許基宏,中信,2023,0.7026732845698362
4.0,2024,332.0,12.0,148.0,2.0,1.0,19.0,387.0,71.0,73.0,100.0,9.0,5.0,53.0,33.0,97.0,102.0,1.0,75.0,62.0,9.0,3.0,0.08527131782945736,0.18863049095607234,0.0,0.0,0.0,0.0,0.0,0.0,0.0,0.0,0.0,0.0,0.0,0.0,0.0,0.0,0.0,0.0,0.0,0.0,0.0,0.0,0.0,0.0,0.0,0.0,0.0,0.0,72.0,405.0,330.0,66.0,9.0,37.0,0.0,0.0,0.0,0.0,0,70.0,50.0,0.0,許基宏,中信,2024,0.8136587801985142
0.0,2023,68.0,0.0,23.0,0.0,0.0,1.0,71.0,14.0,13.0,17.0,1.0,3.0,9.0,2.0,24.0,21.0,1.0,14.0,6.0,1.0,0.0,0.028169014084507043,0.18309859154929578,0.0,0.0,0.0,0.0,0.0,0.0,0.0,0.0,0.0,0.0,0.0,0.0,0.0,0.0,0.0,0.0,0.0,0.0,0.0,0.0,0.0,0.0,0.0,0.0,0.0,0.0,14.0,65.0,55.0,9.0,1.0,5.0,0.0,0.0,0.0,0.0,0,62.0,55.0,3.0,郭阜林,統一,2023,0.6199254349627175
0.0,2024,27.0,0.0,9.0,0.0,0.0,2.0,29.0,1.0,12.0,4.0,0.0,0.0,3.0,2.0,7.0,9.0,0.0,4.0,2.0,1.0,0.0,0.06896551724137931,0.41379310344827586,0.0,0.0,0.0,0.0,0.0,0.0,0.0,0.0,0.0,0.0,0.0,0.0,0.0,0.0,0.0,0.0,0.0,0.0,0.0,0.0,0.0,0.0,0.0,0.0,0.0,0.0,7.0,36.0,34.0,1.0,1.0,6.0,0.0,0.0,0.0,0.0,0,66.0,53.0,1.0,郭阜林,統一,2024,0.5402298850574713
1.0,2023,363.0,1.0,163.0,0.0,0.0,22.0,409.0,64.0,88.0,100.0,9.0,16.0,54.0,36.0,95.0,104.0,1.0,81.0,62.0,13.0,0.0,0.08801955990220049,0.21515892420537897,0.0,0.0,0.0,0.0,0.0,0.0,0.0,0.0,0.0,0.0,0.0,0.0,0.0,0.0,0.0,0.0,0.0,0.0,0.0,0.0,0.0,0.0,0.0,0.0,0.0,0.0,111.0,447.0,412.0,30.0,5.0,33.0,0.0,0.0,0.0,0.0,0,60.0,56.0,4.0,朱育賢,樂天,2023,0.8035590400560394
1.0,2024,404.0,3.0,171.0,0.0,2.0,16.0,442.0,91.0,84.0,119.0,9.0,10.0,50.0,24.0,116.0,111.0,0.0,90.0,59.0,12.0,1.0,0.05429864253393665,0.19004524886877827,0.0,0.0,0.0,0.0,0.0,0.0,0.0,0.0,0.0,0.0,0.0,0.0,0.0,0.0,0.0,0.0,0.0,0.0,0.0,0.0,0.0,0.0,0.0,0.0,0.0,0.0,135.0,413.0,383.0,24.0,6.0,21.0,0.0,0.0,0.0,0.0,0,62.0,57.0,1.0,朱育賢,樂天,2024,0.7687218721872187
1.0,2023,138.0,0.0,34.0,0.0,5.0,7.0,156.0,20.0,28.0,27.0,1.0,2.0,12.0,12.0,45.0,59.0,0.0,43.0,9.0,0.0,0.0,0.07692307692307693,0.1794871794871795,0.0,0.0,0.0,0.0,0.0,0.0,0.0,0.0,0.0,0.0,0.0,0.0,0.0,0.0,0.0,0.0,0.0,0.0,0.0,0.0,0.0,0.0,0.0,0.0,0.0,0.0,61.0,194.0,87.0,105.0,2.0,26.0,0.0,0.0,0.0,0.0,0,62.0,55.0,3.0,林祖傑,統一,2023,0.5112774738458585
0.0,2024,90.0,2.0,36.0,1.0,5.0,6.0,103.0,20.0,19.0,27.0,1.0,2.0,16.0,5.0,24.0,58.0,0.0,27.0,12.0,1.0,0.0,0.04854368932038835,0.18446601941747573,0.0,0.0,0.0,0.0,0.0,0.0,0.0,0.0,0.0,0.0,0.0,0.0,0.0,0.0,0.0,0.0,0.0,0.0,0.0,0.0,0.0,0.0,0.0,0.0,0.0,0.0,60.0,156.0,74.0,78.0,4.0,14.0,0.0,0.0,0.0,0.0,0,66.0,53.0,1.0,林祖傑,統一,2024,0.736734693877551
17.0,2023,368.0,2.0,156.0,3.0,10.0,24.0,417.0,87.0,48.0,117.0,8.0,10.0,47.0,29.0,101.0,104.0,3.0,114.0,41.0,3.0,0.0,0.06954436450839328,0.11510791366906475,0.0,0.0,0.0,0.0,0.0,0.0,0.0,0.0,0.0,0.0,0.0,0.0,0.0,0.0,0.0,0.0,0.0,0.0,0.0,0.0,0.0,0.0,0.0,0.0,0.0,0.0,103.0,275.0,94.0,166.0,15.0,18.0,1.0,0.0,0.0,0.0,2,48.0,67.0,5.0,李宗賢,富邦,2023,0.8022914218566393
11.0,2024,385.0,4.0,132.0,8.0,7.0,22.0,423.0,78.0,54.0,103.0,2.0,6.0,49.0,25.0,121.0,100.0,2.0,118.0,29.0,1.0,0.0,0.0591016548463357,0.1276595744680851,0.0,0.0,0.0,0.0,0.0,0.0,0.0,0.0,0.0,0.0,0.0,0.0,0.0,0.0,0.0,0.0,0.0,0.0,0.0,0.0,0.0,0.0,0.0,0.0,0.0,0.0,110.0,430.0,182.0,236.0,12.0,57.0,0.0,0.0,0.0,0.0,1,53.0,66.0,1.0,李宗賢,富邦,2024,0.6553571428571429
9.0,2023,407.0,2.0,182.0,3.0,0.0,16.0,471.0,90.0,59.0,122.0,7.0,11.0,64.0,55.0,129.0,111.0,4.0,99.0,76.0,12.0,2.0,0.11677282377919321,0.12526539278131635,0.0,0.0,0.0,0.0,0.0,0.0,0.0,0.0,0.0,0.0,0.0,0.0,0.0,0.0,0.0,0.0,0.0,0.0,0.0,0.0,0.0,0.0,0.0,0.0,0.0,0.0,96.0,216.0,213.0,2.0,1.0,0.0,0.0,0.0,0.0,0.0,5,62.0,55.0,3.0,蘇智傑,統一,2023,0.8378326212721117
1.0,2024,192.0,0.0,68.0,2.0,0.0,5.0,207.0,47.0,38.0,55.0,0.0,8.0,22.0,15.0,58.0,59.0,1.0,41.0,26.0,2.0,1.0,0.07246376811594203,0.18357487922705315,0.0,0.0,0.0,0.0,0.0,0.0,0.0,0.0,0.0,0.0,0.0,0.0,0.0,0.0,0.0,0.0,0.0,0.0,0.0,0.0,0.0,0.0,0.0,0.0,0.0,0.0,21.0,45.0,43.0,2.0,0.0,0.0,0.0,0.0,0.0,0.0,5,66.0,53.0,1.0,蘇智傑,統一,2024,0.6923309178743962
0.0,2023,156.0,2.0,43.0,0.0,2.0,2.0,171.0,31.0,29.0,35.0,1.0,3.0,15.0,10.0,46.0,54.0,0.0,50.0,11.0,2.0,0.0,0.05847953216374269,0.1695906432748538,0.0,0.0,0.0,0.0,0.0,0.0,0.0,0.0,0.0,0.0,0.0,0.0,0.0,0.0,0.0,0.0,0.0,0.0,0.0,0.0,0.0,0.0,0.0,0.0,0.0,0.0,52.0,352.0,313.0,37.0,2.0,3.0,0.0,1.0,16.0,23.0,3,62.0,55.0,3.0,林岱安,統一,2023,0.5478303747534516
1.0,2024,107.0,3.0,33.0,0.0,2.0,4.0,126.0,25.0,18.0,29.0,2.0,2.0,8.0,12.0,29.0,42.0,0.0,36.0,10.0,0.0,0.0,0.09523809523809523,0.14285714285714285,0.0,0.0,0.0,0.0,0.0,0.0,0.0,0.0,0.0,0.0,0.0,0.0,0.0,0.0,0.0,0.0,0.0,0.0,0.0,0.0,0.0,0.0,0.0,0.0,0.0,0.0,40.0,270.0,239.0,30.0,1.0,2.0,0.0,1.0,12.0,14.0,3,66.0,53.0,1.0,林岱安,統一,2024,0.6551854085016582
3.0,2023,73.0,1.0,20.0,1.0,0.0,2.0,82.0,12.0,20.0,15.0,2.0,1.0,10.0,6.0,24.0,20.0,0.0,15.0,12.0,1.0,0.0,0.07317073170731707,0.24390243902439024,0.0,0.0,0.0,0.0,0.0,0.0,0.0,0.0,0.0,0.0,0.0,0.0,0.0,0.0,0.0,0.0,0.0,0.0,0.0,0.0,0.0,0.0,0.0,0.0,0.0,0.0,24.0,107.0,49.0,53.0,5.0,9.0,0.0,0.0,0.0,0.0,1,60.0,56.0,4.0,林子偉,樂天,2023,0.5544604076177748
5.0,2024,166.0,2.0,53.0,1.0,3.0,5.0,189.0,21.0,37.0,32.0,1.0,3.0,17.0,17.0,57.0,59.0,2.0,45.0,15.0,4.0,0.0,0.08994708994708994,0.19576719576719576,0.0,0.0,0.0,0.0,0.0,0.0,0.0,0.0,0.0,0.0,0.0,0.0,0.0,0.0,0.0,0.0,0.0,0.0,0.0,0.0,0.0,0.0,0.0,0.0,0.0,0.0,65.0,130.0,91.0,35.0,4.0,7.0,0.0,0.0,0.0,0.0,1,62.0,57.0,1.0,林子偉,樂天,2024,0.5880943127348102
10.0,2023,403.0,3.0,160.0,5.0,6.0,13.0,481.0,106.0,43.0,127.0,4.0,10.0,70.0,65.0,101.0,109.0,4.0,141.0,49.0,4.0,2.0,0.13513513513513514,0.0893970893970894,0.0,0.0,0.0,0.0,0.0,0.0,0.0,0.0,0.0,0.0,0.0,0.0,0.0,0.0,0.0,0.0,0.0,0.0,0.0,0.0,0.0,0.0,0.0,0.0,0.0,0.0,108.0,282.0,273.0,9.0,0.0,1.0,0.0,0.0,0.0,0.0,4,62.0,55.0,3.0,陳傑憲,統一,2023,0.8096539114535719
7.0,2024,401.0,4.0,167.0,3.0,4.0,13.0,472.0,112.0,50.0,134.0,7.0,15.0,71.0,56.0,103.0,112.0,7.0,122.0,55.0,2.0,1.0,0.11864406779661017,0.1059322033898305,0.0,0.0,0.0,0.0,0.0,0.0,0.0,0.0,0.0,0.0,0.0,0.0,0.0,0.0,0.0,0.0,0.0,0.0,0.0,0.0,0.0,0.0,0.0,0.0,0.0,0.0,99.0,234.0,230.0,3.0,1.0,2.0,0.0,0.0,0.0,0.0,1,66.0,53.0,1.0,陳傑憲,統一,2024,0.8373990238080014
2.0,2023,259.0,3.0,122.0,1.0,0.0,9.0,292.0,38.0,57.0,64.0,5.0,5.0,40.0,25.0,98.0,76.0,2.0,43.0,35.0,15.0,1.0,0.08561643835616438,0.1952054794520548,0.0,0.0,0.0,0.0,0.0,0.0,0.0,0.0,0.0,0.0,0.0,0.0,0.0,0.0,0.0,0.0,0.0,0.0,0.0,0.0,0.0,0.0,0.0,0.0,0.0,0.0,61.0,134.0,129.0,4.0,1.0,1.0,0.0,0.0,0.0,0.0,7,62.0,55.0,3.0,林安可,統一,2023,0.7929602792616491
5.0,2024,408.0,6.0,188.0,3.0,0.0,21.0,477.0,63.0,100.0,105.0,3.0,12.0,63.0,60.0,129.0,118.0,1.0,80.0,93.0,20.0,3.0,0.12578616352201258,0.20964360587002095,0.0,0.0,0.0,0.0,0.0,0.0,0.0,0.0,0.0,0.0,0.0,0.0,0.0,0.0,0.0,0.0,0.0,0.0,0.0,0.0,0.0,0.0,0.0,0.0,0.0,0.0,80.0,183.0,176.0,4.0,3.0,0.0,0.0,0.0,0.0,0.0,7,66.0,53.0,1.0,林安可,統一,2024,0.8129855715871254
0.0,2023,94.0,1.0,19.0,1.0,4.0,3.0,105.0,13.0,12.0,16.0,1.0,3.0,10.0,5.0,34.0,37.0,0.0,37.0,2.0,0.0,0.0,0.047619047619047616,0.11428571428571428,0.0,0.0,0.0,0.0,0.0,0.0,0.0,0.0,0.0,0.0,0.0,0.0,0.0,0.0,0.0,0.0,0.0,0.0,0.0,0.0,0.0,0.0,0.0,0.0,0.0,0.0,37.0,193.0,181.0,10.0,2.0,2.0,0.0,3.0,4.0,29.0,3,60.0,56.0,4.0,張閔勛,樂天,2023,0.4199494417526859
0.0,2024,151.0,1.0,46.0,0.0,3.0,7.0,166.0,24.0,21.0,33.0,3.0,4.0,10.0,8.0,56.0,59.0,0.0,45.0,18.0,2.0,0.0,0.04819277108433735,0.12650602409638553,0.0,0.0,0.0,0.0,0.0,0.0,0.0,0.0,0.0,0.0,0.0,0.0,0.0,0.0,0.0,0.0,0.0,0.0,0.0,0.0,0.0,0.0,0.0,0.0,0.0,0.0,55.0,309.0,282.0,23.0,4.0,2.0,0.0,0.0,9.0,42.0,3,62.0,57.0,1.0,張閔勛,樂天,2024,0.5745744118961524
1.0,2023,212.0,0.0,47.0,0.0,5.0,4.0,231.0,35.0,54.0,40.0,0.0,4.0,14.0,14.0,66.0,87.0,0.0,57.0,10.0,1.0,0.0,0.06060606060606061,0.23376623376623376,0.0,0.0,0.0,0.0,0.0,0.0,0.0,0.0,0.0,0.0,0.0,0.0,0.0,0.0,0.0,0.0,0.0,0.0,0.0,0.0,0.0,0.0,0.0,0.0,0.0,0.0,81.0,506.0,469.0,35.0,2.0,2.0,0.0,2.0,13.0,34.0,3,57.0,58.0,5.0,高宇杰,中信,2023,0.46063616630489235
3.0,2024,294.0,3.0,97.0,4.0,4.0,12.0,330.0,58.0,55.0,74.0,2.0,8.0,32.0,27.0,89.0,109.0,1.0,83.0,37.0,3.0,1.0,0.08181818181818182,0.16666666666666666,0.0,0.0,0.0,0.0,0.0,0.0,0.0,0.0,0.0,0.0,0.0,0.0,0.0,0.0,0.0,0.0,0.0,0.0,0.0,0.0,0.0,0.0,0.0,0.0,0.0,0.0,109.0,662.0,605.0,53.0,4.0,6.0,0.0,2.0,13.0,26.0,3,70.0,50.0,0.0,高宇杰,中信,2024,0.6458828930345144
5.0,2023,234.0,3.0,116.0,1.0,3.0,19.0,265.0,54.0,40.0,79.0,1.0,6.0,47.0,24.0,49.0,62.0,0.0,72.0,35.0,6.0,2.0,0.09056603773584905,0.1509433962264151,0.0,0.0,0.0,0.0,0.0,0.0,0.0,0.0,0.0,0.0,0.0,0.0,0.0,0.0,0.0,0.0,0.0,0.0,0.0,0.0,0.0,0.0,0.0,0.0,0.0,0.0,64.0,276.0,121.0,144.0,11.0,35.0,0.0,0.0,0.0,0.0,1,60.0,56.0,4.0,林立,樂天,2023,0.8926730606119919
19.0,2024,337.0,3.0,151.0,5.0,1.0,13.0,372.0,99.0,57.0,119.0,3.0,4.0,65.0,28.0,76.0,86.0,2.0,89.0,34.0,5.0,0.0,0.07526881720430108,0.1532258064516129,0.0,0.0,0.0,0.0,0.0,0.0,0.0,0.0,0.0,0.0,0.0,0.0,0.0,0.0,0.0,0.0,0.0,0.0,0.0,0.0,0.0,0.0,0.0,0.0,0.0,0.0,83.0,327.0,177.0,138.0,12.0,40.0,0.0,0.0,0.0,0.0,1,62.0,57.0,1.0,林立,樂天,2024,0.8523838850808225
8.0,2023,239.0,0.0,82.0,1.0,8.0,8.0,262.0,56.0,35.0,67.0,3.0,11.0,25.0,12.0,65.0,72.0,2.0,80.0,19.0,1.0,0.0,0.04580152671755725,0.13358778625954199,0.0,0.0,0.0,0.0,0.0,0.0,0.0,0.0,0.0,0.0,0.0,0.0,0.0,0.0,0.0,0.0,0.0,0.0,0.0,0.0,0.0,0.0,0.0,0.0,0.0,0.0,65.0,273.0,107.0,156.0,10.0,36.0,0.0,0.0,0.0,0.0,1,62.0,55.0,3.0,陳重廷,統一,2023,0.6659308799789148
9.0,2024,362.0,4.0,110.0,2.0,7.0,9.0,399.0,75.0,53.0,89.0,1.0,13.0,37.0,25.0,112.0,111.0,3.0,119.0,39.0,2.0,0.0,0.06265664160401002,0.13283208020050125,0.0,0.0,0.0,0.0,0.0,0.0,0.0,0.0,0.0,0.0,0.0,0.0,0.0,0.0,0.0,0.0,0.0,0.0,0.0,0.0,0.0,0.0,0.0,0.0,0.0,0.0,130.0,371.0,142.0,220.0,9.0,42.0,0.0,0.0,0.0,0.0,1,66.0,53.0,1.0,陳重廷,統一,2024,0.5972347502536927
0.0,2023,251.0,0.0,75.0,3.0,7.0,8.0,302.0,44.0,67.0,56.0,0.0,2.0,36.0,44.0,62.0,82.0,1.0,73.0,24.0,3.0,0.0,0.1456953642384106,0.22185430463576158,0.0,0.0,0.0,0.0,0.0,0.0,0.0,0.0,0.0,0.0,0.0,0.0,0.0,0.0,0.0,0.0,0.0,0.0,0.0,0.0,0.0,0.0,0.0,0.0,0.0,0.0,82.0,402.0,165.0,233.0,4.0,55.0,0.0,0.0,0.0,0.0,1,57.0,58.0,5.0,岳東華,中信,2023,0.6377878317239516
8.0,2024,356.0,6.0,113.0,5.0,16.0,12.0,442.0,54.0,82.0,75.0,1.0,7.0,48.0,63.0,114.0,118.0,1.0,107.0,43.0,8.0,0.0,0.1425339366515837,0.18552036199095023,0.0,0.0,0.0,0.0,0.0,0.0,0.0,0.0,0.0,0.0,0.0,0.0,0.0,0.0,0.0,0.0,0.0,0.0,0.0,0.0,0.0,0.0,0.0,0.0,0.0,0.0,118.0,597.0,219.0,372.0,6.0,87.0,0.0,0.0,0.0,0.0,1,70.0,50.0,0.0,岳東華,中信,2024,0.6437068101492852
10.0,2023,349.0,2.0,143.0,0.0,1.0,11.0,410.0,86.0,58.0,106.0,3.0,8.0,40.0,55.0,103.0,106.0,1.0,85.0,48.0,8.0,2.0,0.13414634146341464,0.14146341463414633,0.0,0.0,0.0,0.0,0.0,0.0,0.0,0.0,0.0,0.0,0.0,0.0,0.0,0.0,0.0,0.0,0.0,0.0,0.0,0.0,0.0,0.0,0.0,0.0,0.0,0.0,87.0,154.0,150.0,2.0,2.0,1.0,0.0,0.0,0.0,0.0,5,57.0,58.0,5.0,詹子賢,中信,2023,0.810720115453864
1.0,2024,251.0,3.0,83.0,2.0,0.0,14.0,287.0,48.0,59.0,64.0,4.0,4.0,18.0,29.0,92.0,94.0,1.0,39.0,28.0,1.0,0.0,0.10104529616724739,0.20557491289198607,0.0,0.0,0.0,0.0,0.0,0.0,0.0,0.0,0.0,0.0,0.0,0.0,0.0,0.0,0.0,0.0,0.0,0.0,0.0,0.0,0.0,0.0,0.0,0.0,0.0,0.0,92.0,128.0,121.0,6.0,1.0,1.0,0.0,0.0,0.0,0.0,5,70.0,50.0,0.0,詹子賢,中信,2024,0.6686563849133085
3.0,2023,222.0,1.0,80.0,4.0,11.0,9.0,256.0,48.0,38.0,61.0,3.0,4.0,26.0,19.0,42.0,74.0,2.0,93.0,33.0,2.0,0.0,0.07421875,0.1484375,0.0,0.0,0.0,0.0,0.0,0.0,0.0,0.0,0.0,0.0,0.0,0.0,0.0,0.0,0.0,0.0,0.0,0.0,0.0,0.0,0.0,0.0,0.0,0.0,0.0,0.0,71.0,452.0,401.0,48.0,3.0,2.0,0.0,3.0,16.0,44.0,3,62.0,55.0,3.0,陳重羽,統一,2023,0.6991358705644419
8.0,2024,246.0,1.0,88.0,2.0,9.0,12.0,272.0,50.0,56.0,66.0,2.0,5.0,41.0,14.0,57.0,84.0,2.0,77.0,22.0,2.0,0.0,0.051470588235294115,0.20588235294117646,0.0,0.0,0.0,0.0,0.0,0.0,0.0,0.0,0.0,0.0,0.0,0.0,0.0,0.0,0.0,0.0,0.0,0.0,0.0,0.0,0.0,0.0,0.0,0.0,0.0,0.0,78.0,584.0,541.0,38.0,5.0,3.0,0.0,2.0,13.0,35.0,3,66.0,53.0,1.0,陳重羽,統一,2024,0.6695106494791183
9.0,2023,379.0,3.0,132.0,6.0,5.0,14.0,422.0,73.0,52.0,96.0,9.0,6.0,47.0,26.0,129.0,103.0,5.0,110.0,34.0,4.0,0.0,0.061611374407582936,0.12322274881516587,0.0,0.0,0.0,0.0,0.0,0.0,0.0,0.0,0.0,0.0,0.0,0.0,0.0,0.0,0.0,0.0,0.0,0.0,0.0,0.0,0.0,0.0,0.0,0.0,0.0,0.0,101.0,351.0,165.0,176.0,10.0,31.0,1.0,0.0,0.0,0.0,1,48.0,67.0,5.0,王正棠,富邦,2023,0.6624336414773195
4.0,2024,315.0,7.0,146.0,1.0,7.0,19.0,354.0,78.0,33.0,105.0,6.0,7.0,38.0,19.0,100.0,100.0,2.0,91.0,44.0,6.0,3.0,0.05367231638418079,0.09322033898305085,0.0,0.0,0.0,0.0,0.0,0.0,0.0,0.0,0.0,0.0,0.0,0.0,0.0,0.0,0.0,0.0,0.0,0.0,0.0,0.0,0.0,0.0,0.0,0.0,0.0,0.0,80.0,153.0,150.0,1.0,2.0,0.0,0.0,0.0,0.0,0.0,5,53.0,66.0,1.0,王正棠,富邦,2024,0.8381318329445131
1.0,2023,175.0,1.0,77.0,0.0,1.0,10.0,200.0,38.0,36.0,53.0,1.0,3.0,26.0,22.0,40.0,61.0,1.0,48.0,19.0,4.0,0.0,0.11,0.18,0.0,0.0,0.0,0.0,0.0,0.0,0.0,0.0,0.0,0.0,0.0,0.0,0.0,0.0,0.0,0.0,0.0,0.0,0.0,0.0,0.0,0.0,0.0,0.0,0.0,0.0,64.0,243.0,146.0,94.0,3.0,34.0,0.0,0.0,0.0,0.0,0,57.0,58.0,5.0,王政順,中信,2023,0.8219095477386935
2.0,2024,143.0,1.0,49.0,1.0,2.0,6.0,158.0,30.0,44.0,38.0,2.0,7.0,15.0,10.0,31.0,70.0,1.0,33.0,15.0,1.0,0.0,0.06329113924050633,0.27848101265822783,0.0,0.0,0.0,0.0,0.0,0.0,0.0,0.0,0.0,0.0,0.0,0.0,0.0,0.0,0.0,0.0,0.0,0.0,0.0,0.0,0.0,0.0,0.0,0.0,0.0,0.0,67.0,128.0,47.0,75.0,6.0,15.0,0.0,0.0,0.0,0.0,0,70.0,50.0,0.0,王政順,中信,2024,0.6631701631701632
6.0,2023,406.0,6.0,165.0,1.0,1.0,18.0,454.0,75.0,87.0,107.0,5.0,10.0,48.0,36.0,133.0,113.0,2.0,86.0,65.0,12.0,3.0,0.07929515418502203,0.19162995594713655,0.0,0.0,0.0,0.0,0.0,0.0,0.0,0.0,0.0,0.0,0.0,0.0,0.0,0.0,0.0,0.0,0.0,0.0,0.0,0.0,0.0,0.0,0.0,0.0,0.0,0.0,111.0,1016.0,908.0,102.0,6.0,87.0,1.0,0.0,0.0,0.0,0,48.0,67.0,5.0,范國宸,富邦,2023,0.7331147576637415
2.0,2024,287.0,3.0,82.0,2.0,0.0,10.0,320.0,52.0,49.0,65.0,2.0,4.0,23.0,28.0,109.0,78.0,2.0,67.0,28.0,1.0,1.0,0.0875,0.153125,0.0,0.0,0.0,0.0,0.0,0.0,0.0,0.0,0.0,0.0,0.0,0.0,0.0,0.0,0.0,0.0,0.0,0.0,0.0,0.0,0.0,0.0,0.0,0.0,0.0,0.0,60.0,508.0,457.0,47.0,4.0,57.0,0.0,0.0,0.0,0.0,0,53.0,66.0,1.0,范國宸,富邦,2024,0.5825892857142857
4.0,2023,262.0,3.0,120.0,2.0,2.0,17.0,293.0,66.0,43.0,88.0,6.0,4.0,22.0,20.0,76.0,86.0,0.0,60.0,48.0,5.0,0.0,0.06825938566552901,0.14675767918088736,0.0,0.0,0.0,0.0,0.0,0.0,0.0,0.0,0.0,0.0,0.0,0.0,0.0,0.0,0.0,0.0,0.0,0.0,0.0,0.0,0.0,0.0,0.0,0.0,0.0,0.0,77.0,417.0,343.0,68.0,6.0,37.0,0.0,0.0,0.0,0.0,0,62.0,55.0,3.0,陳鏞基,統一,2023,0.8497678444951602
1.0,2024,225.0,2.0,99.0,0.0,1.0,14.0,254.0,51.0,30.0,70.0,2.0,8.0,34.0,24.0,76.0,75.0,0.0,52.0,39.0,5.0,1.0,0.09448818897637795,0.11811023622047244,0.0,0.0,0.0,0.0,0.0,0.0,0.0,0.0,0.0,0.0,0.0,0.0,0.0,0.0,0.0,0.0,0.0,0.0,0.0,0.0,0.0,0.0,0.0,0.0,0.0,0.0,70.0,400.0,362.0,34.0,4.0,38.0,0.0,0.0,0.0,0.0,0,66.0,53.0,1.0,陳鏞基,統一,2024,0.8194466403162055
3.0,2023,153.0,2.0,53.0,2.0,2.0,6.0,182.0,37.0,24.0,44.0,1.0,4.0,24.0,24.0,38.0,63.0,0.0,51.0,14.0,1.0,0.0,0.13186813186813187,0.13186813186813187,0.0,0.0,0.0,0.0,0.0,0.0,0.0,0.0,0.0,0.0,0.0,0.0,0.0,0.0,0.0,0.0,0.0,0.0,0.0,0.0,0.0,0.0,0.0,0.0,0.0,0.0,61.0,175.0,124.0,47.0,4.0,19.0,0.0,0.0,0.0,0.0,0,62.0,55.0,3.0,潘傑楷,統一,2023,0.7297385620915033
3.0,2024,332.0,4.0,124.0,0.0,2.0,11.0,389.0,76.0,62.0,94.0,3.0,11.0,40.0,48.0,76.0,102.0,2.0,106.0,48.0,5.0,0.0,0.12339331619537275,0.15938303341902313,0.0,0.0,0.0,0.0,0.0,0.0,0.0,0.0,0.0,0.0,0.0,0.0,0.0,0.0,0.0,0.0,0.0,0.0,0.0,0.0,0.0,0.0,0.0,0.0,0.0,0.0,131.0,291.0,150.0,127.0,14.0,24.0,0.0,0.0,0.0,0.0,0,66.0,53.0,1.0,潘傑楷,統一,2024,0.7481709784875938
0.0,2023,121.0,0.0,42.0,0.0,2.0,4.0,128.0,31.0,20.0,36.0,1.0,4.0,9.0,4.0,16.0,49.0,1.0,51.0,13.0,0.0,0.0,0.03125,0.15625,0.0,0.0,0.0,0.0,0.0,0.0,0.0,0.0,0.0,0.0,0.0,0.0,0.0,0.0,0.0,0.0,0.0,0.0,0.0,0.0,0.0,0.0,0.0,0.0,0.0,0.0,45.0,132.0,46.0,80.0,6.0,14.0,0.0,0.0,0.0,0.0,1,60.0,56.0,4.0,郭永維,樂天,2023,0.6725042634133543
3.0,2024,126.0,2.0,33.0,0.0,11.0,2.0,146.0,29.0,23.0,31.0,2.0,4.0,14.0,5.0,29.0,45.0,0.0,56.0,9.0,0.0,0.0,0.03424657534246575,0.15753424657534246,0.0,0.0,0.0,0.0,0.0,0.0,0.0,0.0,0.0,0.0,0.0,0.0,0.0,0.0,0.0,0.0,0.0,0.0,0.0,0.0,0.0,0.0,0.0,0.0,0.0,0.0,41.0,186.0,79.0,100.0,7.0,24.0,0.0,0.0,0.0,0.0,1,49.0,70.0,1.0,郭永維,台鋼,2024,0.5433862433862434
6.0,2023,236.0,4.0,109.0,3.0,0.0,9.0,279.0,34.0,67.0,58.0,5.0,5.0,34.0,34.0,80.0,79.0,3.0,35.0,44.0,12.0,3.0,0.12186379928315412,0.24014336917562723,0.0,0.0,0.0,0.0,0.0,0.0,0.0,0.0,0.0,0.0,0.0,0.0,0.0,0.0,0.0,0.0,0.0,0.0,0.0,0.0,0.0,0.0,0.0,0.0,0.0,0.0,76.0,351.0,324.0,23.0,4.0,32.0,0.0,0.0,0.0,0.0,0,57.0,58.0,5.0,張志豪,中信,2023,0.8095346576757183
1.0,2024,175.0,1.0,75.0,0.0,0.0,7.0,201.0,19.0,63.0,37.0,1.0,3.0,30.0,24.0,49.0,62.0,2.0,27.0,30.0,9.0,0.0,0.11940298507462686,0.31343283582089554,0.0,0.0,0.0,0.0,0.0,0.0,0.0,0.0,0.0,0.0,0.0,0.0,0.0,0.0,0.0,0.0,0.0,0.0,0.0,0.0,0.0,0.0,0.0,0.0,0.0,0.0,57.0,111.0,102.0,7.0,2.0,3.0,0.0,0.0,0.0,0.0,0,70.0,50.0,0.0,張志豪,中信,2024,0.7370291400142146
0.0,2023,8.0,0.0,5.0,0.0,0.0,1.0,8.0,3.0,2.0,4.0,0.0,0.0,1.0,0.0,1.0,4.0,0.0,1.0,3.0,0.0,0.0,0.0,0.25,0.0,0.0,0.0,0.0,0.0,0.0,0.0,0.0,0.0,0.0,0.0,0.0,0.0,0.0,0.0,0.0,0.0,0.0,0.0,0.0,0.0,0.0,0.0,0.0,0.0,0.0,3.0,3.0,3.0,0.0,0.0,1.0,0.0,0.0,0.0,0.0,0,60.0,56.0,4.0,林智平,樂天,2023,1.125
2.0,2024,148.0,1.0,66.0,1.0,0.0,14.0,166.0,34.0,31.0,49.0,1.0,6.0,18.0,16.0,30.0,54.0,0.0,39.0,25.0,1.0,0.0,0.0963855421686747,0.18674698795180722,0.0,0.0,0.0,0.0,0.0,0.0,0.0,0.0,0.0,0.0,0.0,0.0,0.0,0.0,0.0,0.0,0.0,0.0,0.0,0.0,0.0,0.0,0.0,0.0,0.0,0.0,36.0,225.0,199.0,23.0,3.0,21.0,0.0,0.0,0.0,0.0,0,62.0,57.0,1.0,林智平,樂天,2024,0.843536307391729
0.0,2023,198.0,5.0,77.0,0.0,0.0,11.0,224.0,44.0,48.0,58.0,2.0,9.0,23.0,19.0,46.0,79.0,1.0,51.0,31.0,2.0,2.0,0.08482142857142858,0.21428571428571427,0.0,0.0,0.0,0.0,0.0,0.0,0.0,0.0,0.0,0.0,0.0,0.0,0.0,0.0,0.0,0.0,0.0,0.0,0.0,0.0,0.0,0.0,0.0,0.0,0.0,0.0,38.0,175.0,161.0,12.0,2.0,2.0,0.0,2.0,5.0,26.0,3,60.0,56.0,4.0,林泓育,樂天,2023,0.7415674603174603
2.0,2024,335.0,3.0,148.0,0.0,1.0,18.0,374.0,76.0,51.0,103.0,10.0,9.0,40.0,25.0,94.0,95.0,0.0,91.0,61.0,9.0,2.0,0.06684491978609626,0.13636363636363635,0.0,0.0,0.0,0.0,0.0,0.0,0.0,0.0,0.0,0.0,0.0,0.0,0.0,0.0,0.0,0.0,0.0,0.0,0.0,0.0,0.0,0.0,0.0,0.0,0.0,0.0,4.0,28.0,28.0,0.0,0.0,0.0,0.0,0.0,0.0,3.0,3,62.0,57.0,1.0,林泓育,樂天,2024,0.8117642351246449
1.0,2023,95.0,0.0,35.0,0.0,1.0,7.0,101.0,14.0,19.0,23.0,1.0,2.0,12.0,4.0,23.0,25.0,1.0,31.0,3.0,1.0,0.0,0.039603960396039604,0.18811881188118812,0.0,0.0,0.0,0.0,0.0,0.0,0.0,0.0,0.0,0.0,0.0,0.0,0.0,0.0,0.0,0.0,0.0,0.0,0.0,0.0,0.0,0.0,0.0,0.0,0.0,0.0,23.0,42.0,40.0,1.0,1.0,0.0,0.0,0.0,0.0,0.0,5,60.0,56.0,4.0,藍寅倫,樂天,2023,0.648421052631579
6.0,2024,216.0,5.0,76.0,1.0,0.0,7.0,235.0,47.0,45.0,58.0,4.0,7.0,19.0,9.0,69.0,71.0,1.0,50.0,26.0,3.0,0.0,0.03829787234042553,0.19148936170212766,0.0,0.0,0.0,0.0,0.0,0.0,0.0,0.0,0.0,0.0,0.0,0.0,0.0,0.0,0.0,0.0,0.0,0.0,0.0,0.0,0.0,0.0,0.0,0.0,0.0,0.0,52.0,83.0,78.0,1.0,4.0,0.0,0.0,0.0,0.0,0.0,5,49.0,70.0,1.0,藍寅倫,台鋼,2024,0.6552706552706553
0.0,2023,48.0,2.0,14.0,1.0,1.0,1.0,52.0,8.0,12.0,10.0,0.0,1.0,5.0,1.0,9.0,36.0,0.0,20.0,5.0,1.0,0.0,0.019230769230769232,0.23076923076923078,4.0,0.0,0.0,1.0,0.0,0.0,0.0,0.0,1.0,0.0,1.0,0.0,0.0,0.0,0.0,2.0,1.0,1.0,0.0,0.0,0.0,0.0,12.0,0.0,0.0,0.0,32.0,66.0,23.0,39.0,4.0,8.0,0.0,0.0,0.0,0.0,0,60.0,56.0,4.0,余德龍,樂天,2023,0.5073529411764706
3.0,2024,122.0,2.0,38.0,0.0,3.0,3.0,138.0,29.0,22.0,33.0,0.0,4.0,20.0,11.0,28.0,83.0,1.0,44.0,9.0,0.0,0.0,0.07971014492753623,0.15942028985507245,0.0,0.0,0.0,0.0,0.0,0.0,0.0,0.0,0.0,0.0,0.0,0.0,0.0,0.0,0.0,0.0,0.0,0.0,0.0,0.0,0.0,0.0,0.0,0.0,0.0,0.0,88.0,101.0,93.0,5.0,3.0,2.0,0.0,0.0,0.0,0.0,4,62.0,57.0,1.0,余德龍,樂天,2024,0.6374013357619915
2.0,2023,214.0,3.0,90.0,1.0,2.0,8.0,268.0,46.0,49.0,61.0,3.0,9.0,34.0,46.0,48.0,66.0,0.0,61.0,32.0,7.0,1.0,0.17164179104477612,0.1828358208955224,0.0,0.0,0.0,0.0,0.0,0.0,0.0,0.0,0.0,0.0,0.0,0.0,0.0,0.0,0.0,0.0,0.0,0.0,0.0,0.0,0.0,0.0,0.0,0.0,0.0,0.0,64.0,547.0,479.0,64.0,4.0,48.0,0.0,0.0,0.0,0.0,0,60.0,56.0,4.0,陳俊秀,樂天,2023,0.8340945822500175
2.0,2024,321.0,4.0,134.0,2.0,1.0,20.0,378.0,66.0,81.0,93.0,6.0,11.0,40.0,46.0,91.0,101.0,0.0,61.0,47.0,7.0,0.0,0.12169312169312169,0.21428571428571427,0.0,0.0,0.0,0.0,0.0,0.0,0.0,0.0,0.0,0.0,0.0,0.0,0.0,0.0,0.0,0.0,0.0,0.0,0.0,0.0,0.0,0.0,0.0,0.0,0.0,0.0,81.0,665.0,609.0,54.0,2.0,59.0,0.0,0.0,0.0,0.0,0,70.0,50.0,0.0,陳俊秀,中信,2024,0.8020608674814282
0.0,2023,215.0,3.0,73.0,2.0,1.0,8.0,232.0,49.0,40.0,59.0,0.0,8.0,23.0,13.0,55.0,64.0,0.0,65.0,24.0,2.0,0.0,0.05603448275862069,0.1724137931034483,0.0,0.0,0.0,0.0,0.0,0.0,0.0,0.0,0.0,0.0,0.0,0.0,0.0,0.0,0.0,0.0,0.0,0.0,0.0,0.0,0.0,0.0,0.0,0.0,0.0,0.0,0.0,0.0,0.0,0.0,0.0,0.0,0.0,0.0,0.0,0.0,9,62.0,55.0,3.0,胡金龍,統一,2023,0.6512231954092419
1.0,2024,106.0,1.0,43.0,0.0,0.0,6.0,113.0,31.0,11.0,37.0,0.0,3.0,6.0,6.0,30.0,46.0,0.0,29.0,15.0,0.0,0.0,0.05309734513274336,0.09734513274336283,0.0,0.0,0.0,0.0,0.0,0.0,0.0,0.0,0.0,0.0,0.0,0.0,0.0,0.0,0.0,0.0,0.0,0.0,0.0,0.0,0.0,0.0,0.0,0.0,0.0,0.0,0.0,0.0,0.0,0.0,0.0,0.0,0.0,0.0,0.0,0.0,9,66.0,53.0,1.0,胡金龍,統一,2024,0.786191350809818
1.0,2023,30.0,0.0,10.0,0.0,1.0,2.0,33.0,6.0,3.0,8.0,0.0,0.0,5.0,2.0,6.0,15.0,0.0,14.0,3.0,0.0,0.0,0.06060606060606061,0.09090909090909091,0.0,0.0,0.0,0.0,0.0,0.0,0.0,0.0,0.0,0.0,0.0,0.0,0.0,0.0,0.0,0.0,0.0,0.0,0.0,0.0,0.0,0.0,0.0,0.0,0.0,0.0,14.0,67.0,59.0,7.0,1.0,1.0,0.0,0.0,4.0,3.0,3,62.0,55.0,3.0,柯育民,統一,2023,0.6458333333333333
0.0,2024,49.0,0.0,18.0,0.0,2.0,4.0,53.0,10.0,9.0,14.0,0.0,0.0,8.0,2.0,8.0,25.0,0.0,20.0,4.0,0.0,0.0,0.03773584905660377,0.16981132075471697,0.0,0.0,0.0,0.0,0.0,0.0,0.0,0.0,0.0,0.0,0.0,0.0,0.0,0.0,0.0,0.0,0.0,0.0,0.0,0.0,0.0,0.0,0.0,0.0,0.0,0.0,22.0,78.0,70.0,8.0,0.0,3.0,0.0,0.0,1.0,7.0,1,66.0,53.0,1.0,柯育民,統一,2024,0.6810724289715886
2.0,2024,129.0,0.0,40.0,2.0,0.0,3.0,139.0,26.0,23.0,31.0,1.0,3.0,12.0,9.0,46.0,36.0,0.0,29.0,13.0,2.0,1.0,0.06474820143884892,0.16546762589928057,0.0,0.0,0.0,0.0,0.0,0.0,0.0,0.0,0.0,0.0,0.0,0.0,0.0,0.0,0.0,0.0,0.0,0.0,0.0,0.0,0.0,0.0,0.0,0.0,0.0,0.0,37.0,198.0,118.0,75.0,5.0,22.0,0.0,0.0,0.0,0.0,0,49.0,70.0,1.0,吳念庭,台鋼,2024,0.6050415481568234
0.0,2023,71.0,0.0,19.0,0.0,4.0,3.0,84.0,9.0,25.0,13.0,1.0,2.0,6.0,8.0,13.0,51.0,0.0,24.0,10.0,1.0,0.0,0.09523809523809523,0.2976190476190476,0.0,0.0,0.0,0.0,0.0,0.0,0.0,0.0,0.0,0.0,0.0,0.0,0.0,0.0,0.0,0.0,0.0,0.0,0.0,0.0,0.0,0.0,0.0,0.0,0.0,0.0,50.0,188.0,169.0,15.0,4.0,3.0,0.0,1.0,6.0,22.0,3,60.0,56.0,4.0,嚴宏鈞,樂天,2023,0.5426056338028169
1.0,2024,119.0,1.0,49.0,2.0,6.0,5.0,139.0,25.0,32.0,34.0,5.0,2.0,16.0,8.0,22.0,49.0,2.0,38.0,15.0,2.0,0.0,0.05755395683453238,0.2302158273381295,0.0,0.0,0.0,0.0,0.0,0.0,0.0,0.0,0.0,0.0,0.0,0.0,0.0,0.0,0.0,0.0,0.0,0.0,0.0,0.0,0.0,0.0,0.0,0.0,0.0,0.0,49.0,283.0,248.0,30.0,5.0,2.0,0.0,0.0,6.0,30.0,3,62.0,57.0,1.0,嚴宏鈞,樂天,2024,0.7651481645289695
22.0,2023,398.0,5.0,140.0,7.0,5.0,12.0,448.0,78.0,53.0,101.0,1.0,2.0,54.0,39.0,139.0,108.0,6.0,115.0,38.0,5.0,1.0,0.08705357142857142,0.11830357142857142,0.0,0.0,0.0,0.0,0.0,0.0,0.0,0.0,0.0,0.0,0.0,0.0,0.0,0.0,0.0,0.0,0.0,0.0,0.0,0.0,0.0,0.0,0.0,0.0,0.0,0.0,127.0,252.0,243.0,8.0,1.0,2.0,0.0,0.0,0.0,0.0,4,60.0,56.0,4.0,陳晨威,樂天,2023,0.6700432183490818
30.0,2024,484.0,4.0,216.0,11.0,7.0,15.0,528.0,104.0,64.0,143.0,0.0,6.0,77.0,33.0,166.0,119.0,14.0,122.0,54.0,10.0,0.0,0.0625,0.12121212121212122,0.0,0.0,0.0,0.0,0.0,0.0,0.0,0.0,0.0,0.0,0.0,0.0,0.0,0.0,0.0,0.0,0.0,0.0,0.0,0.0,0.0,0.0,0.0,0.0,0.0,0.0,140.0,295.0,284.0,6.0,5.0,2.0,0.0,0.0,0.0,0.0,4,62.0,57.0,1.0,陳晨威,樂天,2024,0.7840928919274758
11.0,2023,395.0,8.0,150.0,4.0,7.0,20.0,457.0,90.0,54.0,115.0,5.0,7.0,55.0,42.0,131.0,110.0,0.0,110.0,43.0,5.0,0.0,0.09190371991247265,0.11816192560175055,0.0,0.0,0.0,0.0,0.0,0.0,0.0,0.0,0.0,0.0,0.0,0.0,0.0,0.0,0.0,0.0,0.0,0.0,0.0,0.0,0.0,0.0,0.0,0.0,0.0,0.0,110.0,511.0,197.0,308.0,6.0,74.0,0.0,0.0,0.0,0.0,8,57.0,58.0,5.0,江坤宇,中信,2023,0.739746835443038
6.0,2024,324.0,5.0,113.0,1.0,9.0,15.0,374.0,72.0,31.0,90.0,7.0,10.0,44.0,29.0,117.0,94.0,1.0,100.0,50.0,2.0,1.0,0.07754010695187166,0.08288770053475936,0.0,0.0,0.0,0.0,0.0,0.0,0.0,0.0,0.0,0.0,0.0,0.0,0.0,0.0,0.0,0.0,0.0,0.0,0.0,0.0,0.0,0.0,0.0,0.0,0.0,0.0,95.0,441.0,161.0,274.0,6.0,65.0,0.0,0.0,0.0,0.0,1,70.0,50.0,0.0,江坤宇,中信,2024,0.6939709115508202
3.0,2023,130.0,0.0,34.0,0.0,6.0,7.0,150.0,16.0,24.0,24.0,0.0,2.0,7.0,14.0,55.0,53.0,0.0,33.0,13.0,1.0,0.0,0.09333333333333334,0.16,0.0,0.0,0.0,0.0,0.0,0.0,0.0,0.0,0.0,0.0,0.0,0.0,0.0,0.0,0.0,0.0,0.0,0.0,0.0,0.0,0.0,0.0,0.0,0.0,0.0,0.0,52.0,303.0,266.0,33.0,4.0,3.0,0.0,6.0,13.0,16.0,3,48.0,67.0,5.0,戴培峰,富邦,2023,0.5254273504273504
1.0,2024,283.0,5.0,94.0,0.0,7.0,11.0,323.0,68.0,46.0,80.0,4.0,5.0,29.0,24.0,100.0,100.0,0.0,69.0,25.0,1.0,0.0,0.07430340557275542,0.14241486068111456,0.0,0.0,0.0,0.0,0.0,0.0,0.0,0.0,0.0,0.0,0.0,0.0,0.0,0.0,0.0,0.0,0.0,0.0,0.0,0.0,0.0,0.0,0.0,0.0,0.0,0.0,96.0,651.0,580.0,66.0,5.0,8.0,0.0,1.0,23.0,31.0,3,53.0,66.0,1.0,戴培峰,富邦,2024,0.6739276289305363
0.0,2023,203.0,3.0,65.0,0.0,11.0,13.0,241.0,35.0,38.0,49.0,6.0,9.0,20.0,18.0,56.0,73.0,0.0,74.0,26.0,1.0,0.0,0.07468879668049792,0.15767634854771784,0.0,0.0,0.0,0.0,0.0,0.0,0.0,0.0,0.0,0.0,0.0,0.0,0.0,0.0,0.0,0.0,0.0,0.0,0.0,0.0,0.0,0.0,0.0,0.0,0.0,0.0,72.0,447.0,390.0,56.0,1.0,6.0,0.0,5.0,18.0,33.0,3,62.0,53.0,5.0,蔣少宏,味全,2023,0.6375883486828015
1.0,2024,227.0,1.0,79.0,1.0,3.0,12.0,251.0,40.0,35.0,56.0,4.0,9.0,22.0,16.0,65.0,70.0,1.0,75.0,22.0,3.0,1.0,0.06374501992031872,0.1394422310756972,0.0,0.0,0.0,0.0,0.0,0.0,0.0,0.0,0.0,0.0,0.0,0.0,0.0,0.0,0.0,0.0,0.0,0.0,0.0,0.0,0.0,0.0,0.0,0.0,0.0,0.0,69.0,488.0,449.0,38.0,1.0,1.0,0.0,3.0,9.0,34.0,3,58.0,62.0,0.0,蔣少宏,味全,2024,0.6544692340486002
0.0,2023,80.0,1.0,20.0,0.0,1.0,2.0,88.0,16.0,25.0,18.0,0.0,3.0,14.0,6.0,9.0,47.0,0.0,30.0,5.0,0.0,0.0,0.06818181818181818,0.2840909090909091,0.0,0.0,0.0,0.0,0.0,0.0,0.0,0.0,0.0,0.0,0.0,0.0,0.0,0.0,0.0,0.0,0.0,0.0,0.0,0.0,0.0,0.0,0.0,0.0,0.0,0.0,47.0,147.0,132.0,12.0,3.0,21.0,0.0,0.0,0.0,0.0,0,57.0,58.0,5.0,黃韋盛,中信,2023,0.5258620689655172
0.0,2023,18.0,0.0,5.0,0.0,0.0,1.0,22.0,3.0,3.0,4.0,1.0,0.0,4.0,3.0,2.0,9.0,0.0,9.0,3.0,0.0,0.0,0.13636363636363635,0.13636363636363635,0.0,0.0,0.0,0.0,0.0,0.0,0.0,0.0,0.0,0.0,0.0,0.0,0.0,0.0,0.0,0.0,0.0,0.0,0.0,0.0,0.0,0.0,0.0,0.0,0.0,0.0,10.0,20.0,9.0,8.0,3.0,1.0,0.0,0.0,0.0,0.0,1,62.0,55.0,3.0,許哲晏,統一,2023,0.6414141414141414
5.0,2024,222.0,2.0,69.0,1.0,11.0,10.0,256.0,39.0,46.0,52.0,3.0,9.0,33.0,18.0,54.0,92.0,2.0,83.0,22.0,1.0,0.0,0.0703125,0.1796875,0.0,0.0,0.0,0.0,0.0,0.0,0.0,0.0,0.0,0.0,0.0,0.0,0.0,0.0,0.0,0.0,0.0,0.0,0.0,0.0,0.0,0.0,0.0,0.0,0.0,0.0,96.0,292.0,142.0,144.0,6.0,37.0,0.0,0.0,0.0,0.0,1,66.0,53.0,1.0,許哲晏,統一,2024,0.6087699944842802
0.0,2023,35.0,1.0,12.0,0.0,0.0,1.0,44.0,6.0,11.0,8.0,2.0,0.0,5.0,6.0,11.0,19.0,0.0,6.0,4.0,1.0,0.0,0.13636363636363635,0.25,0.0,0.0,0.0,0.0,0.0,0.0,0.0,0.0,0.0,0.0,0.0,0.0,0.0,0.0,0.0,0.0,0.0,0.0,0.0,0.0,0.0,0.0,0.0,0.0,0.0,0.0,10.0,15.0,14.0,0.0,1.0,0.0,0.0,0.0,0.0,0.0,5,48.0,67.0,5.0,陳真,富邦,2023,0.7064935064935065
2.0,2024,144.0,3.0,56.0,0.0,0.0,9.0,171.0,26.0,42.0,38.0,3.0,4.0,18.0,21.0,36.0,53.0,0.0,31.0,18.0,3.0,0.0,0.12280701754385964,0.24561403508771928,0.0,0.0,0.0,0.0,0.0,0.0,0.0,0.0,0.0,0.0,0.0,0.0,0.0,0.0,0.0,0.0,0.0,0.0,0.0,0.0,0.0,0.0,0.0,0.0,0.0,0.0,40.0,56.0,52.0,2.0,2.0,0.0,0.0,0.0,0.0,0.0,7,53.0,66.0,1.0,陳真,富邦,2024,0.7514619883040936
14.0,2024,375.0,1.0,133.0,5.0,5.0,14.0,409.0,86.0,70.0,106.0,6.0,9.0,51.0,22.0,81.0,108.0,5.0,124.0,38.0,1.0,0.0,0.05378973105134474,0.17114914425427874,0.0,0.0,0.0,0.0,0.0,0.0,0.0,0.0,0.0,0.0,0.0,0.0,0.0,0.0,0.0,0.0,0.0,0.0,0.0,0.0,0.0,0.0,0.0,0.0,0.0,0.0,120.0,635.0,582.0,46.0,7.0,57.0,0.0,0.0,0.0,0.0,0,49.0,70.0,1.0,王博玄,台鋼,2024,0.6863498349834984
0.0,2023,5.0,0.0,2.0,1.0,0.0,0.0,5.0,2.0,2.0,2.0,0.0,0.0,2.0,0.0,1.0,10.0,0.0,0.0,0.0,0.0,0.0,0.0,0.4,0.0,0.0,0.0,0.0,0.0,0.0,0.0,0.0,0.0,0.0,0.0,0.0,0.0,0.0,0.0,0.0,0.0,0.0,0.0,0.0,0.0,0.0,0.0,0.0,0.0,0.0,3.0,4.0,2.0,2.0,0.0,1.0,0.0,0.0,0.0,0.0,1,57.0,58.0,5.0,林志綱,中信,2023,0.8
0.0,2024,6.0,0.0,1.0,0.0,0.0,0.0,6.0,1.0,1.0,1.0,0.0,1.0,2.0,0.0,0.0,6.0,0.0,4.0,0.0,0.0,0.0,0.0,0.16666666666666666,0.0,0.0,0.0,0.0,0.0,0.0,0.0,0.0,0.0,0.0,0.0,0.0,0.0,0.0,0.0,0.0,0.0,0.0,0.0,0.0,0.0,0.0,0.0,0.0,0.0,0.0,4.0,6.0,3.0,3.0,0.0,1.0,0.0,0.0,0.0,0.0,1,70.0,50.0,0.0,林志綱,中信,2024,0.3333333333333333
1.0,2023,32.0,0.0,7.0,0.0,0.0,1.0,37.0,5.0,4.0,6.0,1.0,1.0,7.0,4.0,10.0,25.0,0.0,12.0,3.0,0.0,0.0,0.10810810810810811,0.10810810810810811,0.0,0.0,0.0,0.0,0.0,0.0,0.0,0.0,0.0,0.0,0.0,0.0,0.0,0.0,0.0,0.0,0.0,0.0,0.0,0.0,0.0,0.0,0.0,0.0,0.0,0.0,19.0,32.0,8.0,21.0,3.0,4.0,0.0,0.0,0.0,0.0,1,48.0,67.0,5.0,林澤彬,富邦,2023,0.5160472972972974
0.0,2024,7.0,0.0,0.0,0.0,0.0,0.0,7.0,0.0,1.0,0.0,0.0,1.0,0.0,0.0,1.0,3.0,0.0,5.0,0.0,0.0,0.0,0.0,0.14285714285714285,0.0,0.0,0.0,0.0,0.0,0.0,0.0,0.0,0.0,0.0,0.0,0.0,0.0,0.0,0.0,0.0,0.0,0.0,0.0,0.0,0.0,0.0,0.0,0.0,0.0,0.0,3.0,9.0,5.0,4.0,0.0,0.0,0.0,0.0,0.0,0.0,1,53.0,66.0,1.0,林澤彬,富邦,2024,0.0
7.0,2023,227.0,0.0,99.0,2.0,4.0,11.0,258.0,54.0,45.0,71.0,5.0,4.0,51.0,22.0,48.0,82.0,1.0,67.0,23.0,5.0,0.0,0.08527131782945736,0.1744186046511628,0.0,0.0,0.0,0.0,0.0,0.0,0.0,0.0,0.0,0.0,0.0,0.0,0.0,0.0,0.0,0.0,0.0,0.0,0.0,0.0,0.0,0.0,0.0,0.0,0.0,0.0,72.0,155.0,152.0,2.0,1.0,1.0,0.0,0.0,0.0,0.0,4,62.0,55.0,3.0,邱智呈,統一,2023,0.8219501196711645
13.0,2024,445.0,6.0,190.0,8.0,4.0,21.0,530.0,114.0,93.0,145.0,15.0,3.0,81.0,60.0,104.0,118.0,6.0,113.0,63.0,4.0,0.0,0.11320754716981132,0.17547169811320754,0.0,0.0,0.0,0.0,0.0,0.0,0.0,0.0,0.0,0.0,0.0,0.0,0.0,0.0,0.0,0.0,0.0,0.0,0.0,0.0,0.0,0.0,0.0,0.0,0.0,0.0,122.0,235.0,228.0,5.0,2.0,2.0,0.0,0.0,0.0,0.0,4,66.0,53.0,1.0,邱智呈,統一,2024,0.8452172427051736
12.0,2023,423.0,6.0,161.0,5.0,4.0,20.0,506.0,95.0,69.0,122.0,14.0,7.0,64.0,59.0,103.0,119.0,2.0,139.0,40.0,5.0,0.0,0.116600790513834,0.13636363636363635,0.0,0.0,0.0,0.0,0.0,0.0,0.0,0.0,0.0,0.0,0.0,0.0,0.0,0.0,0.0,0.0,0.0,0.0,0.0,0.0,0.0,0.0,0.0,0.0,0.0,0.0,119.0,551.0,211.0,336.0,4.0,76.0,0.0,0.0,0.0,0.0,1,62.0,53.0,5.0,李凱威,味全,2023,0.7690608723498441
14.0,2024,423.0,5.0,157.0,6.0,8.0,16.0,495.0,117.0,54.0,135.0,5.0,7.0,58.0,54.0,116.0,115.0,0.0,131.0,34.0,2.0,0.0,0.10909090909090909,0.10909090909090909,0.0,0.0,0.0,0.0,0.0,0.0,0.0,0.0,0.0,0.0,0.0,0.0,0.0,0.0,0.0,0.0,0.0,0.0,0.0,0.0,0.0,0.0,0.0,0.0,0.0,0.0,113.0,552.0,231.0,316.0,5.0,73.0,0.0,0.0,0.0,0.0,1,58.0,62.0,0.0,李凱威,味全,2024,0.7695156819627089
9.0,2023,198.0,1.0,60.0,1.0,10.0,8.0,230.0,32.0,36.0,44.0,0.0,4.0,31.0,21.0,46.0,78.0,4.0,83.0,16.0,0.0,0.0,0.09130434782608696,0.1565217391304348,0.0,0.0,0.0,0.0,0.0,0.0,0.0,0.0,0.0,0.0,0.0,0.0,0.0,0.0,0.0,0.0,0.0,0.0,0.0,0.0,0.0,0.0,0.0,0.0,0.0,0.0,73.0,319.0,127.0,185.0,7.0,52.0,0.0,0.0,0.0,0.0,8,62.0,53.0,5.0,張政禹,味全,2023,0.5984848484848485
5.0,2024,215.0,5.0,78.0,1.0,9.0,9.0,244.0,40.0,43.0,55.0,1.0,5.0,28.0,14.0,61.0,66.0,4.0,70.0,28.0,2.0,1.0,0.05737704918032787,0.1762295081967213,0.0,0.0,0.0,0.0,0.0,0.0,0.0,0.0,0.0,0.0,0.0,0.0,0.0,0.0,0.0,0.0,0.0,0.0,0.0,0.0,0.0,0.0,0.0,0.0,0.0,0.0,68.0,278.0,100.0,168.0,10.0,40.0,0.0,0.0,0.0,0.0,1,58.0,62.0,0.0,張政禹,味全,2024,0.6606630380999505
6.0,2023,467.0,4.0,210.0,3.0,1.0,26.0,511.0,94.0,99.0,136.0,12.0,8.0,61.0,27.0,143.0,119.0,0.0,94.0,80.0,16.0,0.0,0.05283757338551859,0.19373776908023482,0.0,0.0,0.0,0.0,0.0,0.0,0.0,0.0,0.0,0.0,0.0,0.0,0.0,0.0,0.0,0.0,0.0,0.0,0.0,0.0,0.0,0.0,0.0,0.0,0.0,0.0,120.0,330.0,114.0,195.0,21.0,25.0,0.0,0.0,0.0,0.0,0,62.0,53.0,5.0,劉基鴻,味全,2023,0.7928160557584918
3.0,2024,434.0,4.0,158.0,0.0,0.0,23.0,474.0,73.0,92.0,106.0,4.0,10.0,43.0,32.0,135.0,118.0,1.0,105.0,56.0,9.0,1.0,0.06751054852320675,0.1940928270042194,0.0,0.0,0.0,0.0,0.0,0.0,0.0,0.0,0.0,0.0,0.0,0.0,0.0,0.0,0.0,0.0,0.0,0.0,0.0,0.0,0.0,0.0,0.0,0.0,0.0,0.0,120.0,392.0,151.0,229.0,12.0,33.0,0.0,0.0,0.0,0.0,0,58.0,62.0,0.0,劉基鴻,味全,2024,0.6636333586109004
21.0,2023,299.0,3.0,97.0,6.0,11.0,9.0,344.0,63.0,71.0,77.0,5.0,8.0,43.0,26.0,53.0,101.0,4.0,112.0,33.0,1.0,0.0,0.0755813953488372,0.2063953488372093,0.0,0.0,0.0,0.0,0.0,0.0,0.0,0.0,0.0,0.0,0.0,0.0,0.0,0.0,0.0,0.0,0.0,0.0,0.0,0.0,0.0,0.0,0.0,0.0,0.0,0.0,95.0,199.0,197.0,1.0,1.0,0.0,0.0,0.0,0.0,0.0,4,62.0,53.0,5.0,林孝程,味全,2023,0.6487390400433879
11.0,2024,181.0,3.0,56.0,2.0,6.0,5.0,206.0,37.0,40.0,45.0,4.0,5.0,24.0,12.0,48.0,64.0,3.0,57.0,16.0,0.0,0.0,0.05825242718446602,0.1941747572815534,0.0,0.0,0.0,0.0,0.0,0.0,0.0,0.0,0.0,0.0,0.0,0.0,0.0,0.0,0.0,0.0,0.0,0.0,0.0,0.0,0.0,0.0,0.0,0.0,0.0,0.0,58.0,89.0,89.0,0.0,0.0,0.0,0.0,0.0,0.0,0.0,4,58.0,62.0,0.0,林孝程,味全,2024,0.6143922651933702
10.0,2023,454.0,7.0,143.0,8.0,7.0,16.0,503.0,90.0,62.0,112.0,7.0,4.0,57.0,28.0,158.0,119.0,3.0,136.0,48.0,3.0,1.0,0.055666003976143144,0.12326043737574553,0.0,0.0,0.0,0.0,0.0,0.0,0.0,0.0,0.0,0.0,0.0,0.0,0.0,0.0,0.0,0.0,0.0,0.0,0.0,0.0,0.0,0.0,0.0,0.0,0.0,0.0,118.0,310.0,293.0,11.0,6.0,3.0,0.0,0.0,0.0,0.0,4,62.0,53.0,5.0,郭天信,味全,2023,0.6113489413102174
9.0,2024,393.0,4.0,140.0,8.0,8.0,23.0,430.0,81.0,32.0,108.0,3.0,10.0,51.0,22.0,137.0,103.0,3.0,128.0,30.0,1.0,1.0,0.05116279069767442,0.07441860465116279,0.0,0.0,0.0,0.0,0.0,0.0,0.0,0.0,0.0,0.0,0.0,0.0,0.0,0.0,0.0,0.0,0.0,0.0,0.0,0.0,0.0,0.0,0.0,0.0,0.0,0.0,103.0,252.0,236.0,10.0,6.0,1.0,0.0,0.0,0.0,0.0,4,58.0,62.0,0.0,郭天信,味全,2024,0.6713999734693632
1.0,2023,134.0,0.0,30.0,2.0,5.0,2.0,159.0,22.0,29.0,25.0,9.0,2.0,11.0,11.0,40.0,52.0,0.0,45.0,14.0,1.0,0.0,0.06918238993710692,0.18238993710691823,0.0,0.0,0.0,0.0,0.0,0.0,0.0,0.0,0.0,0.0,0.0,0.0,0.0,0.0,0.0,0.0,0.0,0.0,0.0,0.0,0.0,0.0,0.0,0.0,0.0,0.0,49.0,93.0,89.0,3.0,1.0,0.0,0.0,0.0,0.0,0.0,5,62.0,53.0,5.0,張祐銘,味全,2023,0.5160883892227176
7.0,2024,190.0,3.0,58.0,2.0,6.0,3.0,222.0,43.0,30.0,49.0,7.0,5.0,23.0,16.0,62.0,71.0,3.0,58.0,16.0,0.0,0.0,0.07207207207207207,0.13513513513513514,0.0,0.0,0.0,0.0,0.0,0.0,0.0,0.0,0.0,0.0,0.0,0.0,0.0,0.0,0.0,0.0,0.0,0.0,0.0,0.0,0.0,0.0,0.0,0.0,0.0,0.0,72.0,114.0,113.0,0.0,1.0,0.0,0.0,0.0,0.0,0.0,5,58.0,62.0,0.0,張祐銘,味全,2024,0.6385964912280702
1.0,2023,175.0,5.0,62.0,1.0,1.0,10.0,197.0,38.0,22.0,49.0,3.0,6.0,20.0,13.0,51.0,58.0,0.0,59.0,19.0,1.0,0.0,0.06598984771573604,0.1116751269035533,0.0,0.0,0.0,0.0,0.0,0.0,0.0,0.0,0.0,0.0,0.0,0.0,0.0,0.0,0.0,0.0,0.0,0.0,0.0,0.0,0.0,0.0,0.0,0.0,0.0,0.0,62.0,96.0,89.0,2.0,5.0,0.0,0.0,0.0,0.0,0.0,0,57.0,58.0,5.0,曾頌恩,中信,2023,0.6859183673469387
3.0,2024,392.0,5.0,173.0,0.0,1.0,24.0,424.0,85.0,60.0,119.0,2.0,20.0,57.0,24.0,115.0,112.0,0.0,104.0,52.0,10.0,0.0,0.05660377358490566,0.14150943396226415,0.0,0.0,0.0,0.0,0.0,0.0,0.0,0.0,0.0,0.0,0.0,0.0,0.0,0.0,0.0,0.0,0.0,0.0,0.0,0.0,0.0,0.0,0.0,0.0,0.0,0.0,126.0,165.0,153.0,7.0,5.0,0.0,0.0,0.0,0.0,0.0,5,70.0,50.0,0.0,曾頌恩,中信,2024,0.7841161287209919
10.0,2023,414.0,1.0,172.0,7.0,9.0,18.0,462.0,82.0,81.0,115.0,13.0,10.0,63.0,25.0,112.0,107.0,6.0,116.0,53.0,9.0,1.0,0.05411255411255411,0.17532467532467533,0.0,0.0,0.0,0.0,0.0,0.0,0.0,0.0,0.0,0.0,0.0,0.0,0.0,0.0,0.0,0.0,0.0,0.0,0.0,0.0,0.0,0.0,0.0,0.0,0.0,0.0,123.0,259.0,253.0,4.0,2.0,2.0,0.0,0.0,0.0,0.0,4,57.0,58.0,5.0,岳政華,中信,2023,0.7532072815689286
23.0,2024,434.0,2.0,143.0,8.0,16.0,15.0,504.0,81.0,86.0,105.0,5.0,1.0,75.0,47.0,138.0,118.0,4.0,123.0,31.0,5.0,0.0,0.09325396825396826,0.17063492063492064,0.0,0.0,0.0,0.0,0.0,0.0,0.0,0.0,0.0,0.0,0.0,0.0,0.0,0.0,0.0,0.0,0.0,0.0,0.0,0.0,0.0,0.0,0.0,0.0,0.0,0.0,124.0,321.0,311.0,7.0,3.0,0.0,0.0,0.0,0.0,0.0,4,70.0,50.0,0.0,岳政華,中信,2024,0.6512143990330135
0.0,2023,14.0,0.0,1.0,0.0,0.0,0.0,14.0,1.0,5.0,1.0,0.0,0.0,1.0,0.0,3.0,8.0,0.0,5.0,0.0,0.0,0.0,0.0,0.35714285714285715,0.0,0.0,0.0,0.0,0.0,0.0,0.0,0.0,0.0,0.0,0.0,0.0,0.0,0.0,0.0,0.0,0.0,0.0,0.0,0.0,0.0,0.0,0.0,0.0,0.0,0.0,6.0,8.0,6.0,0.0,2.0,0.0,0.0,0.0,0.0,0.0,4,62.0,53.0,5.0,王順和,味全,2023,0.14285714285714285
1.0,2024,99.0,0.0,33.0,1.0,0.0,3.0,101.0,24.0,24.0,28.0,0.0,1.0,15.0,2.0,16.0,33.0,1.0,31.0,6.0,0.0,0.0,0.019801980198019802,0.2376237623762376,0.0,0.0,0.0,0.0,0.0,0.0,0.0,0.0,0.0,0.0,0.0,0.0,0.0,0.0,0.0,0.0,0.0,0.0,0.0,0.0,0.0,0.0,0.0,0.0,0.0,0.0,37.0,70.0,62.0,4.0,4.0,1.0,0.0,0.0,0.0,0.0,4,58.0,62.0,0.0,王順和,味全,2024,0.6303630363036303
0.0,2023,51.0,1.0,16.0,0.0,1.0,2.0,58.0,4.0,17.0,8.0,0.0,1.0,3.0,5.0,14.0,28.0,0.0,14.0,6.0,2.0,0.0,0.08620689655172414,0.29310344827586204,0.0,0.0,0.0,0.0,0.0,0.0,0.0,0.0,0.0,0.0,0.0,0.0,0.0,0.0,0.0,0.0,0.0,0.0,0.0,0.0,0.0,0.0,0.0,0.0,0.0,0.0,28.0,138.0,124.0,14.0,0.0,1.0,0.0,1.0,3.0,19.0,3,62.0,53.0,5.0,林辰勳,味全,2023,0.541795665634675
0.0,2024,31.0,0.0,5.0,1.0,2.0,0.0,36.0,5.0,9.0,5.0,1.0,0.0,1.0,2.0,5.0,14.0,0.0,14.0,0.0,0.0,0.0,0.05555555555555555,0.25,0.0,0.0,0.0,0.0,0.0,0.0,0.0,0.0,0.0,0.0,0.0,0.0,0.0,0.0,0.0,0.0,0.0,0.0,0.0,0.0,0.0,0.0,0.0,0.0,0.0,0.0,14.0,99.0,88.0,11.0,0.0,1.0,0.0,0.0,1.0,11.0,3,58.0,62.0,0.0,林辰勳,味全,2024,0.396584440227704
4.0,2023,247.0,1.0,86.0,0.0,0.0,13.0,286.0,49.0,42.0,65.0,1.0,8.0,35.0,37.0,72.0,77.0,1.0,69.0,23.0,2.0,2.0,0.12937062937062938,0.14685314685314685,0.0,0.0,0.0,0.0,0.0,0.0,0.0,0.0,0.0,0.0,0.0,0.0,0.0,0.0,0.0,0.0,0.0,0.0,0.0,0.0,0.0,0.0,0.0,0.0,0.0,0.0,68.0,150.0,47.0,93.0,10.0,8.0,0.0,0.0,0.0,0.0,2,62.0,55.0,3.0,林子豪,統一,2023,0.708317997791682
3.0,2023,44.0,0.0,10.0,1.0,2.0,2.0,47.0,6.0,11.0,8.0,1.0,2.0,8.0,0.0,13.0,40.0,0.0,14.0,1.0,0.0,0.0,0.0,0.23404255319148937,0.0,0.0,0.0,0.0,0.0,0.0,0.0,0.0,0.0,0.0,0.0,0.0,0.0,0.0,0.0,0.0,0.0,0.0,0.0,0.0,0.0,0.0,0.0,0.0,0.0,0.0,37.0,36.0,35.0,0.0,1.0,0.0,0.0,0.0,0.0,0.0,4,57.0,58.0,5.0,宋晟睿,中信,2023,0.42727272727272725
17.0,2024,126.0,1.0,56.0,3.0,2.0,4.0,141.0,36.0,31.0,43.0,4.0,1.0,26.0,8.0,25.0,54.0,0.0,30.0,17.0,3.0,0.0,0.05673758865248227,0.2198581560283688,0.0,0.0,0.0,0.0,0.0,0.0,0.0,0.0,0.0,0.0,0.0,0.0,0.0,0.0,0.0,0.0,0.0,0.0,0.0,0.0,0.0,0.0,0.0,0.0,0.0,0.0,63.0,76.0,73.0,2.0,1.0,0.0,0.0,0.0,0.0,0.0,4,70.0,50.0,0.0,宋晟睿,中信,2024,0.8401278976818545
13.0,2023,124.0,1.0,51.0,4.0,10.0,6.0,141.0,33.0,18.0,41.0,3.0,3.0,17.0,3.0,26.0,48.0,2.0,50.0,9.0,0.0,0.0,0.02127659574468085,0.1276595744680851,0.0,0.0,0.0,0.0,0.0,0.0,0.0,0.0,0.0,0.0,0.0,0.0,0.0,0.0,0.0,0.0,0.0,0.0,0.0,0.0,0.0,0.0,0.0,0.0,0.0,0.0,44.0,177.0,70.0,105.0,2.0,26.0,0.0,0.0,0.0,0.0,1,48.0,67.0,5.0,葉子霆,富邦,2023,0.7700689485348436
5.0,2024,105.0,1.0,19.0,1.0,4.0,1.0,118.0,17.0,16.0,18.0,0.0,2.0,13.0,8.0,31.0,59.0,0.0,45.0,7.0,0.0,0.0,0.06779661016949153,0.13559322033898305,0.0,0.0,0.0,0.0,0.0,0.0,0.0,0.0,0.0,0.0,0.0,0.0,0.0,0.0,0.0,0.0,0.0,0.0,0.0,0.0,0.0,0.0,0.0,0.0,0.0,0.0,51.0,146.0,59.0,82.0,5.0,17.0,0.0,0.0,0.0,0.0,1,53.0,66.0,1.0,葉子霆,富邦,2024,0.4090225563909774
1.0,2023,96.0,2.0,29.0,1.0,5.0,1.0,110.0,21.0,13.0,24.0,1.0,1.0,20.0,6.0,18.0,56.0,2.0,48.0,9.0,0.0,0.0,0.05454545454545454,0.11818181818181818,0.0,0.0,0.0,0.0,0.0,0.0,0.0,0.0,0.0,0.0,0.0,0.0,0.0,0.0,0.0,0.0,0.0,0.0,0.0,0.0,0.0,0.0,0.0,0.0,0.0,0.0,49.0,78.0,75.0,1.0,2.0,0.0,0.0,0.0,0.0,0.0,4,60.0,56.0,4.0,林政華,樂天,2023,0.5973214285714286
3.0,2024,164.0,4.0,52.0,1.0,7.0,5.0,192.0,30.0,28.0,39.0,4.0,1.0,21.0,13.0,41.0,85.0,4.0,67.0,14.0,0.0,0.0,0.06770833333333333,0.14583333333333334,0.0,0.0,0.0,0.0,0.0,0.0,0.0,0.0,0.0,0.0,0.0,0.0,0.0,0.0,0.0,0.0,0.0,0.0,0.0,0.0,0.0,0.0,0.0,0.0,0.0,0.0,84.0,149.0,145.0,4.0,0.0,2.0,0.0,0.0,0.0,0.0,4,62.0,57.0,1.0,林政華,樂天,2024,0.6197758734344101
1.0,2023,91.0,1.0,24.0,0.0,8.0,4.0,101.0,16.0,12.0,20.0,0.0,2.0,6.0,1.0,31.0,37.0,0.0,37.0,7.0,0.0,0.0,0.009900990099009901,0.1188118811881188,0.0,0.0,0.0,0.0,0.0,0.0,0.0,0.0,0.0,0.0,0.0,0.0,0.0,0.0,0.0,0.0,0.0,0.0,0.0,0.0,0.0,0.0,0.0,0.0,0.0,0.0,34.0,125.0,41.0,77.0,7.0,20.0,0.0,0.0,0.0,0.0,1,60.0,56.0,4.0,馬傑森,樂天,2023,0.48954271534916693
0.0,2024,367.0,5.0,105.0,1.0,17.0,16.0,409.0,70.0,49.0,87.0,5.0,5.0,23.0,15.0,123.0,111.0,1.0,130.0,34.0,0.0,0.0,0.03667481662591687,0.1198044009779951,0.0,0.0,0.0,0.0,0.0,0.0,0.0,0.0,0.0,0.0,0.0,0.0,0.0,0.0,0.0,0.0,0.0,0.0,0.0,0.0,0.0,0.0,0.0,0.0,0.0,0.0,112.0,481.0,186.0,286.0,9.0,77.0,0.0,0.0,0.0,0.0,1,62.0,57.0,1.0,馬傑森,樂天,2024,0.5590627259078018
0.0,2023,3.0,0.0,0.0,0.0,0.0,0.0,4.0,0.0,1.0,0.0,0.0,0.0,0.0,1.0,1.0,2.0,0.0,1.0,0.0,0.0,0.0,0.25,0.25,0.0,0.0,0.0,0.0,0.0,0.0,0.0,0.0,0.0,0.0,0.0,0.0,0.0,0.0,0.0,0.0,0.0,0.0,0.0,0.0,0.0,0.0,0.0,0.0,0.0,0.0,2.0,1.0,1.0,0.0,0.0,0.0,0.0,0.0,0.0,0.0,4,60.0,56.0,4.0,鍾玉成,樂天,2023,0.25
0.0,2024,24.0,0.0,3.0,2.0,0.0,0.0,25.0,3.0,9.0,3.0,0.0,1.0,3.0,1.0,5.0,18.0,0.0,7.0,0.0,0.0,0.0,0.04,0.36,0.0,0.0,0.0,0.0,0.0,0.0,0.0,0.0,0.0,0.0,0.0,0.0,0.0,0.0,0.0,0.0,0.0,0.0,0.0,0.0,0.0,0.0,0.0,0.0,0.0,0.0,17.0,18.0,18.0,0.0,0.0,0.0,0.0,0.0,0.0,0.0,4,62.0,57.0,1.0,鍾玉成,樂天,2024,0.28500000000000003
0.0,2024,162.0,1.0,55.0,1.0,3.0,5.0,179.0,27.0,37.0,37.0,3.0,2.0,20.0,10.0,38.0,56.0,2.0,54.0,17.0,3.0,0.0,0.055865921787709494,0.20670391061452514,0.0,0.0,0.0,0.0,0.0,0.0,0.0,0.0,0.0,0.0,0.0,0.0,0.0,0.0,0.0,0.0,0.0,0.0,0.0,0.0,0.0,0.0,0.0,0.0,0.0,0.0,58.0,116.0,111.0,1.0,4.0,0.0,0.0,0.0,0.0,0.0,4,58.0,62.0,0.0,張祐嘉,味全,2024,0.6235970819304153
0.0,2023,20.0,0.0,4.0,0.0,0.0,1.0,21.0,2.0,3.0,3.0,1.0,0.0,2.0,0.0,6.0,11.0,0.0,8.0,1.0,0.0,0.0,0.0,0.14285714285714285,0.0,0.0,0.0,0.0,0.0,0.0,0.0,0.0,0.0,0.0,0.0,0.0,0.0,0.0,0.0,0.0,0.0,0.0,0.0,0.0,0.0,0.0,0.0,0.0,0.0,0.0,11.0,43.0,32.0,10.0,1.0,3.0,0.0,0.0,0.0,0.0,0,62.0,53.0,5.0,陳思仲,味全,2023,0.3904761904761905
0.0,2024,36.0,0.0,6.0,0.0,3.0,0.0,41.0,6.0,9.0,6.0,0.0,0.0,3.0,2.0,10.0,19.0,0.0,14.0,3.0,0.0,0.0,0.04878048780487805,0.21951219512195122,0.0,0.0,0.0,0.0,0.0,0.0,0.0,0.0,0.0,0.0,0.0,0.0,0.0,0.0,0.0,0.0,0.0,0.0,0.0,0.0,0.0,0.0,0.0,0.0,0.0,0.0,16.0,60.0,39.0,20.0,1.0,3.0,0.0,0.0,0.0,0.0,0,58.0,62.0,0.0,陳思仲,味全,2024,0.3771929824561403
2.0,2023,78.0,0.0,19.0,4.0,5.0,0.0,92.0,16.0,17.0,17.0,1.0,3.0,9.0,8.0,17.0,54.0,1.0,32.0,3.0,0.0,0.0,0.08695652173913043,0.18478260869565216,0.0,0.0,0.0,0.0,0.0,0.0,0.0,0.0,0.0,0.0,0.0,0.0,0.0,0.0,0.0,0.0,0.0,0.0,0.0,0.0,0.0,0.0,0.0,0.0,0.0,0.0,52.0,108.0,34.0,70.0,4.0,19.0,0.0,0.0,0.0,0.0,1,57.0,58.0,5.0,張仁瑋,中信,2023,0.5424403183023873
1.0,2024,11.0,0.0,4.0,0.0,0.0,0.0,11.0,4.0,1.0,4.0,0.0,0.0,5.0,0.0,3.0,11.0,0.0,3.0,0.0,0.0,0.0,0.0,0.09090909090909091,0.0,0.0,0.0,0.0,0.0,0.0,0.0,0.0,0.0,0.0,0.0,0.0,0.0,0.0,0.0,0.0,0.0,0.0,0.0,0.0,0.0,0.0,0.0,0.0,0.0,0.0,8.0,17.0,3.0,10.0,4.0,2.0,0.0,0.0,0.0,0.0,1,70.0,50.0,0.0,張仁瑋,中信,2024,0.7272727272727273
0.0,2024,1.0,0.0,0.0,0.0,0.0,0.0,1.0,0.0,1.0,0.0,0.0,0.0,0.0,0.0,0.0,2.0,0.0,0.0,0.0,0.0,0.0,0.0,1.0,0.0,0.0,0.0,0.0,0.0,0.0,0.0,0.0,0.0,0.0,0.0,0.0,0.0,0.0,0.0,0.0,0.0,0.0,0.0,0.0,0.0,0.0,0.0,0.0,0.0,0.0,0.0,0.0,0.0,0.0,0.0,0.0,0.0,0.0,0.0,0.0,9,70.0,50.0,0.0,周委宏,中信,2024,0.0
0.0,2024,4.0,0.0,1.0,0.0,0.0,0.0,4.0,1.0,0.0,1.0,0.0,0.0,2.0,0.0,1.0,3.0,0.0,2.0,1.0,0.0,0.0,0.0,0.0,0.0,0.0,0.0,0.0,0.0,0.0,0.0,0.0,0.0,0.0,0.0,0.0,0.0,0.0,0.0,0.0,0.0,0.0,0.0,0.0,0.0,0.0,0.0,0.0,0.0,0.0,2.0,7.0,4.0,3.0,0.0,0.0,0.0,0.0,0.0,0.0,3,70.0,50.0,0.0,陳統恩,中信,2024,0.5
0.0,2023,13.0,0.0,9.0,0.0,0.0,1.0,15.0,7.0,0.0,8.0,1.0,0.0,3.0,1.0,3.0,5.0,0.0,2.0,2.0,0.0,0.0,0.06666666666666667,0.0,0.0,0.0,0.0,0.0,0.0,0.0,0.0,0.0,0.0,0.0,0.0,0.0,0.0,0.0,0.0,0.0,0.0,0.0,0.0,0.0,0.0,0.0,0.0,0.0,0.0,0.0,5.0,8.0,3.0,4.0,1.0,0.0,0.0,0.0,0.0,0.0,2,48.0,67.0,5.0,董子恩,富邦,2023,1.358974358974359
2.0,2024,345.0,2.0,113.0,1.0,4.0,13.0,385.0,83.0,18.0,97.0,18.0,9.0,31.0,16.0,110.0,100.0,0.0,126.0,30.0,1.0,0.0,0.04155844155844156,0.046753246753246755,0.0,0.0,0.0,0.0,0.0,0.0,0.0,0.0,0.0,0.0,0.0,0.0,0.0,0.0,0.0,0.0,0.0,0.0,0.0,0.0,0.0,0.0,0.0,0.0,0.0,0.0,107.0,311.0,168.0,130.0,13.0,22.0,0.0,0.0,0.0,0.0,0,53.0,66.0,1.0,董子恩,富邦,2024,0.6713682528814333
6.0,2023,95.0,1.0,21.0,0.0,4.0,1.0,109.0,19.0,19.0,20.0,2.0,2.0,13.0,7.0,18.0,55.0,0.0,43.0,8.0,0.0,0.0,0.06422018348623854,0.1743119266055046,0.0,0.0,0.0,0.0,0.0,0.0,0.0,0.0,0.0,0.0,0.0,0.0,0.0,0.0,0.0,0.0,0.0,0.0,0.0,0.0,0.0,0.0,0.0,0.0,0.0,0.0,43.0,159.0,47.0,103.0,9.0,17.0,0.0,0.0,0.0,0.0,1,48.0,67.0,5.0,池恩齊,富邦,2023,0.4972431077694236
10.0,2024,198.0,1.0,72.0,2.0,12.0,8.0,232.0,49.0,49.0,59.0,3.0,2.0,31.0,18.0,36.0,72.0,1.0,67.0,9.0,1.0,1.0,0.07758620689655173,0.21120689655172414,0.0,0.0,0.0,0.0,0.0,0.0,0.0,0.0,0.0,0.0,0.0,0.0,0.0,0.0,0.0,0.0,0.0,0.0,0.0,0.0,0.0,0.0,0.0,0.0,0.0,0.0,72.0,262.0,103.0,150.0,9.0,31.0,0.0,0.0,0.0,0.0,1,53.0,66.0,1.0,池恩齊,富邦,2024,0.7272727272727273
0.0,2024,12.0,1.0,1.0,0.0,0.0,0.0,13.0,1.0,4.0,1.0,0.0,0.0,0.0,0.0,4.0,6.0,0.0,4.0,1.0,0.0,0.0,0.0,0.3076923076923077,0.0,0.0,0.0,0.0,0.0,0.0,0.0,0.0,0.0,0.0,0.0,0.0,0.0,0.0,0.0,0.0,0.0,0.0,0.0,0.0,0.0,0.0,0.0,0.0,0.0,0.0,7.0,10.0,9.0,0.0,1.0,0.0,0.0,0.0,0.0,0.0,4,53.0,66.0,1.0,潘瑋祥,富邦,2024,0.16025641025641024
2.0,2023,164.0,3.0,61.0,0.0,1.0,8.0,181.0,33.0,46.0,44.0,2.0,2.0,18.0,11.0,34.0,56.0,0.0,44.0,22.0,3.0,0.0,0.06077348066298342,0.2541436464088398,0.0,0.0,0.0,0.0,0.0,0.0,0.0,0.0,0.0,0.0,0.0,0.0,0.0,0.0,0.0,0.0,0.0,0.0,0.0,0.0,0.0,0.0,0.0,0.0,0.0,0.0,53.0,299.0,267.0,25.0,7.0,3.0,0.0,3.0,12.0,17.0,3,60.0,56.0,4.0,宋嘉翔,樂天,2023,0.6886178861788618
0.0,2024,105.0,1.0,30.0,1.0,7.0,4.0,120.0,18.0,33.0,23.0,1.0,4.0,12.0,6.0,24.0,37.0,0.0,33.0,11.0,1.0,0.0,0.05,0.275,0.0,0.0,0.0,0.0,0.0,0.0,0.0,0.0,0.0,0.0,0.0,0.0,0.0,0.0,0.0,0.0,0.0,0.0,0.0,0.0,0.0,0.0,0.0,0.0,0.0,0.0,36.0,237.0,209.0,27.0,1.0,5.0,0.0,1.0,13.0,13.0,3,62.0,57.0,1.0,宋嘉翔,樂天,2024,0.5512010113780026
2.0,2023,78.0,0.0,20.0,3.0,3.0,4.0,87.0,12.0,22.0,16.0,1.0,2.0,8.0,5.0,19.0,41.0,0.0,24.0,0.0,0.0,0.0,0.05747126436781609,0.25287356321839083,0.0,0.0,0.0,0.0,0.0,0.0,0.0,0.0,0.0,0.0,0.0,0.0,0.0,0.0,0.0,0.0,0.0,0.0,0.0,0.0,0.0,0.0,0.0,0.0,0.0,0.0,43.0,42.0,38.0,2.0,2.0,1.0,0.0,0.0,0.0,0.0,4,48.0,67.0,5.0,蔡佳諺,富邦,2023,0.5183150183150182
4.0,2024,90.0,0.0,39.0,0.0,2.0,5.0,100.0,14.0,20.0,23.0,1.0,2.0,12.0,7.0,18.0,32.0,1.0,31.0,14.0,3.0,0.0,0.07,0.2,0.0,0.0,0.0,0.0,0.0,0.0,0.0,0.0,0.0,0.0,0.0,0.0,0.0,0.0,0.0,0.0,0.0,0.0,0.0,0.0,0.0,0.0,0.0,0.0,0.0,0.0,37.0,55.0,53.0,1.0,1.0,0.0,0.0,0.0,0.0,0.0,4,53.0,66.0,1.0,蔡佳諺,富邦,2024,0.7496598639455783
6.0,2023,140.0,0.0,38.0,2.0,3.0,2.0,150.0,28.0,40.0,32.0,3.0,1.0,10.0,4.0,25.0,65.0,2.0,46.0,6.0,0.0,0.0,0.02666666666666667,0.26666666666666666,0.0,0.0,0.0,0.0,0.0,0.0,0.0,0.0,0.0,0.0,0.0,0.0,0.0,0.0,0.0,0.0,0.0,0.0,0.0,0.0,0.0,0.0,0.0,0.0,0.0,0.0,64.0,76.0,69.0,7.0,0.0,0.0,0.0,0.0,0.0,0.0,4,48.0,67.0,5.0,周佳樂,富邦,2023,0.536734693877551
4.0,2024,156.0,0.0,48.0,3.0,5.0,3.0,172.0,29.0,43.0,36.0,2.0,5.0,18.0,9.0,42.0,67.0,3.0,40.0,6.0,1.0,0.0,0.05232558139534884,0.25,0.0,0.0,0.0,0.0,0.0,0.0,0.0,0.0,0.0,0.0,0.0,0.0,0.0,0.0,0.0,0.0,0.0,0.0,0.0,0.0,0.0,0.0,0.0,0.0,0.0,0.0,72.0,86.0,82.0,3.0,1.0,1.0,0.0,0.0,0.0,0.0,4,53.0,66.0,1.0,周佳樂,富邦,2024,0.5891294334408107
0.0,2023,20.0,0.0,9.0,1.0,0.0,1.0,21.0,3.0,5.0,5.0,0.0,1.0,2.0,1.0,5.0,9.0,0.0,5.0,2.0,1.0,0.0,0.047619047619047616,0.23809523809523808,0.0,0.0,0.0,0.0,0.0,0.0,0.0,0.0,0.0,0.0,0.0,0.0,0.0,0.0,0.0,0.0,0.0,0.0,0.0,0.0,0.0,0.0,0.0,0.0,0.0,0.0,7.0,18.0,7.0,10.0,1.0,2.0,0.0,0.0,0.0,0.0,1,48.0,67.0,5.0,林岳谷,富邦,2023,0.7357142857142858
0.0,2024,1.0,0.0,0.0,0.0,0.0,0.0,1.0,0.0,1.0,0.0,0.0,0.0,0.0,0.0,0.0,3.0,0.0,0.0,0.0,0.0,0.0,0.0,1.0,0.0,0.0,0.0,0.0,0.0,0.0,0.0,0.0,0.0,0.0,0.0,0.0,0.0,0.0,0.0,0.0,0.0,0.0,0.0,0.0,0.0,0.0,0.0,0.0,0.0,0.0,0.0,0.0,0.0,0.0,0.0,0.0,0.0,0.0,0.0,0.0,9,53.0,66.0,1.0,林岳谷,富邦,2024,0.0
4.0,2024,137.0,1.0,74.0,0.0,0.0,5.0,182.0,21.0,40.0,37.0,4.0,3.0,29.0,40.0,39.0,47.0,1.0,22.0,30.0,10.0,2.0,0.21978021978021978,0.21978021978021978,0.0,0.0,0.0,0.0,0.0,0.0,0.0,0.0,0.0,0.0,0.0,0.0,0.0,0.0,0.0,0.0,0.0,0.0,0.0,0.0,0.0,0.0,0.0,0.0,0.0,0.0,47.0,170.0,69.0,97.0,4.0,19.0,0.0,0.0,0.0,0.0,0,53.0,66.0,1.0,張育成,富邦,2024,0.9852009304564049
0.0,2023,8.0,0.0,2.0,0.0,0.0,0.0,11.0,2.0,1.0,2.0,3.0,0.0,2.0,0.0,4.0,7.0,0.0,1.0,0.0,0.0,0.0,0.0,0.09090909090909091,0.0,0.0,0.0,0.0,0.0,0.0,0.0,0.0,0.0,0.0,0.0,0.0,0.0,0.0,0.0,0.0,0.0,0.0,0.0,0.0,0.0,0.0,0.0,0.0,0.0,0.0,6.0,11.0,11.0,0.0,0.0,0.0,0.0,0.0,0.0,1.0,3,48.0,67.0,5.0,豊暐,富邦,2023,0.7045454545454546
0.0,2024,52.0,1.0,15.0,0.0,0.0,3.0,59.0,9.0,14.0,12.0,4.0,1.0,5.0,2.0,12.0,26.0,0.0,15.0,4.0,0.0,0.0,0.03389830508474576,0.23728813559322035,0.0,0.0,0.0,0.0,0.0,0.0,0.0,0.0,0.0,0.0,0.0,0.0,0.0,0.0,0.0,0.0,0.0,0.0,0.0,0.0,0.0,0.0,0.0,0.0,0.0,0.0,26.0,126.0,112.0,12.0,2.0,0.0,0.0,1.0,5.0,12.0,3,53.0,66.0,1.0,豊暐,富邦,2024,0.5935462842242503
0.0,2024,4.0,0.0,1.0,0.0,0.0,0.0,4.0,1.0,2.0,1.0,0.0,1.0,0.0,0.0,0.0,5.0,0.0,1.0,0.0,0.0,0.0,0.0,0.5,0.0,0.0,0.0,0.0,0.0,0.0,0.0,0.0,0.0,0.0,0.0,0.0,0.0,0.0,0.0,0.0,0.0,0.0,0.0,0.0,0.0,0.0,0.0,0.0,0.0,0.0,5.0,7.0,7.0,0.0,0.0,0.0,0.0,0.0,0.0,0.0,3,49.0,70.0,1.0,陳致嘉,台鋼,2024,0.5
13.0,2024,456.0,5.0,153.0,4.0,7.0,10.0,522.0,105.0,54.0,123.0,5.0,9.0,68.0,49.0,158.0,115.0,4.0,133.0,36.0,4.0,1.0,0.09386973180076628,0.10344827586206896,0.0,0.0,0.0,0.0,0.0,0.0,0.0,0.0,0.0,0.0,0.0,0.0,0.0,0.0,0.0,0.0,0.0,0.0,0.0,0.0,0.0,0.0,0.0,0.0,0.0,0.0,115.0,558.0,211.0,327.0,20.0,87.0,0.0,0.0,0.0,0.0,8,49.0,70.0,1.0,曾子祐,台鋼,2024,0.6792156361778232
4.0,2024,121.0,0.0,35.0,1.0,3.0,4.0,129.0,24.0,29.0,29.0,1.0,2.0,17.0,4.0,19.0,56.0,1.0,47.0,9.0,0.0,0.0,0.031007751937984496,0.2248062015503876,0.0,0.0,0.0,0.0,0.0,0.0,0.0,0.0,0.0,0.0,0.0,0.0,0.0,0.0,0.0,0.0,0.0,0.0,0.0,0.0,0.0,0.0,0.0,0.0,0.0,0.0,56.0,167.0,69.0,89.0,9.0,28.0,0.0,0.0,0.0,0.0,1,49.0,70.0,1.0,林家鋐,台鋼,2024,0.5590974681883772
1.0,2024,97.0,0.0,22.0,2.0,1.0,2.0,107.0,18.0,22.0,20.0,0.0,2.0,8.0,9.0,22.0,50.0,0.0,34.0,6.0,0.0,0.0,0.08411214953271028,0.205607476635514,0.0,0.0,0.0,0.0,0.0,0.0,0.0,0.0,0.0,0.0,0.0,0.0,0.0,0.0,0.0,0.0,0.0,0.0,0.0,0.0,0.0,0.0,0.0,0.0,0.0,0.0,41.0,70.0,49.0,18.0,3.0,3.0,0.0,0.0,0.0,0.0,1,49.0,70.0,1.0,紀慶然,台鋼,2024,0.5003890293717176
0.0,2024,19.0,0.0,5.0,0.0,0.0,0.0,23.0,2.0,6.0,3.0,0.0,0.0,1.0,4.0,7.0,15.0,1.0,3.0,1.0,0.0,0.0,0.17391304347826086,0.2608695652173913,0.0,0.0,0.0,0.0,0.0,0.0,0.0,0.0,0.0,0.0,0.0,0.0,0.0,0.0,0.0,0.0,0.0,0.0,0.0,0.0,0.0,0.0,0.0,0.0,0.0,0.0,10.0,14.0,14.0,0.0,0.0,0.0,0.0,0.0,0.0,0.0,4,49.0,70.0,1.0,高聖恩,台鋼,2024,0.5675057208237986
4.0,2024,106.0,0.0,22.0,1.0,0.0,3.0,112.0,16.0,35.0,19.0,0.0,2.0,14.0,6.0,25.0,42.0,0.0,27.0,5.0,0.0,0.0,0.05357142857142857,0.3125,0.0,0.0,0.0,0.0,0.0,0.0,0.0,0.0,0.0,0.0,0.0,0.0,0.0,0.0,0.0,0.0,0.0,0.0,0.0,0.0,0.0,0.0,0.0,0.0,0.0,0.0,36.0,74.0,67.0,6.0,1.0,1.0,0.0,0.0,0.0,0.0,4,49.0,70.0,1.0,葉保弟,台鋼,2024,0.4307614555256065
0.0,2024,32.0,0.0,7.0,1.0,1.0,0.0,37.0,7.0,10.0,7.0,0.0,0.0,6.0,4.0,11.0,23.0,0.0,5.0,3.0,0.0,0.0,0.10810810810810811,0.2702702702702703,0.0,0.0,0.0,0.0,0.0,0.0,0.0,0.0,0.0,0.0,0.0,0.0,0.0,0.0,0.0,0.0,0.0,0.0,0.0,0.0,0.0,0.0,0.0,0.0,0.0,0.0,17.0,46.0,38.0,7.0,1.0,0.0,0.0,0.0,4.0,5.0,3,49.0,70.0,1.0,陳世嘉,台鋼,2024,0.5243055555555556
0.0,2023,9.0,0.0,2.0,0.0,0.0,1.0,11.0,0.0,2.0,1.0,0.0,0.0,0.0,2.0,3.0,6.0,0.0,3.0,1.0,0.0,0.0,0.18181818181818182,0.18181818181818182,0.0,0.0,0.0,0.0,0.0,0.0,0.0,0.0,0.0,0.0,0.0,0.0,0.0,0.0,0.0,0.0,0.0,0.0,0.0,0.0,0.0,0.0,0.0,0.0,0.0,0.0,6.0,4.0,4.0,0.0,0.0,0.0,0.0,0.0,0.0,0.0,4,62.0,55.0,3.0,林佳緯,統一,2023,0.4949494949494949
1.0,2024,268.0,5.0,93.0,1.0,1.0,8.0,303.0,53.0,66.0,68.0,2.0,6.0,43.0,27.0,62.0,81.0,4.0,78.0,30.0,3.0,0.0,0.0891089108910891,0.21782178217821782,2.0,0.0,0.0,0.2,0.0,0.0,0.0,1.0,2.0,0.0,0.0,0.0,0.0,0.0,0.0,0.0,2.0,1.0,0.0,0.0,0.0,0.0,7.0,0.0,0.0,0.0,75.0,147.0,143.0,2.0,2.0,2.0,0.0,0.0,0.0,0.0,4,66.0,53.0,1.0,林佳緯,統一,2024,0.6682069783532667
0.0,2024,12.0,0.0,3.0,0.0,2.0,1.0,17.0,1.0,1.0,2.0,0.0,0.0,0.0,3.0,4.0,10.0,0.0,7.0,2.0,0.0,0.0,0.17647058823529413,0.058823529411764705,0.0,0.0,0.0,0.0,0.0,0.0,0.0,0.0,0.0,0.0,0.0,0.0,0.0,0.0,0.0,0.0,0.0,0.0,0.0,0.0,0.0,0.0,0.0,0.0,0.0,0.0,9.0,22.0,8.0,13.0,1.0,2.0,0.0,0.0,0.0,0.0,1,66.0,53.0,1.0,林泓弦,統一,2024,0.5833333333333333
0.0,2024,35.0,0.0,7.0,0.0,0.0,0.0,42.0,7.0,10.0,7.0,0.0,0.0,3.0,7.0,5.0,12.0,0.0,13.0,0.0,0.0,0.0,0.16666666666666666,0.23809523809523808,0.0,0.0,0.0,0.0,0.0,0.0,0.0,0.0,0.0,0.0,0.0,0.0,0.0,0.0,0.0,0.0,0.0,0.0,0.0,0.0,0.0,0.0,0.0,0.0,0.0,0.0,12.0,97.0,87.0,8.0,2.0,8.0,0.0,0.0,0.0,0.0,0,62.0,57.0,1.0,李勛傑,樂天,2024,0.5333333333333333
7.0,2024,157.0,0.0,43.0,1.0,3.0,7.0,170.0,25.0,41.0,33.0,2.0,2.0,16.0,8.0,51.0,49.0,0.0,35.0,9.0,1.0,1.0,0.047058823529411764,0.2411764705882353,0.0,0.0,0.0,0.0,0.0,0.0,0.0,0.0,0.0,0.0,0.0,0.0,0.0,0.0,0.0,0.0,0.0,0.0,0.0,0.0,0.0,0.0,0.0,0.0,0.0,0.0,51.0,175.0,70.0,96.0,9.0,25.0,0.0,0.0,0.0,0.0,1,58.0,62.0,0.0,劉俊緯,味全,2024,0.5313703802585911
0.0,2024,21.0,0.0,4.0,2.0,3.0,0.0,30.0,4.0,6.0,4.0,0.0,0.0,2.0,6.0,3.0,11.0,0.0,11.0,5.0,0.0,0.0,0.2,0.2,0.0,0.0,0.0,0.0,0.0,0.0,0.0,0.0,0.0,0.0,0.0,0.0,0.0,0.0,0.0,0.0,0.0,0.0,0.0,0.0,0.0,0.0,0.0,0.0,0.0,0.0,11.0,62.0,56.0,6.0,0.0,0.0,0.0,0.0,1.0,1.0,3,70.0,50.0,0.0,徐博瑋,中信,2024,0.5608465608465608
0.0,2023,15.0,0.0,5.0,0.0,0.0,0.0,19.0,5.0,4.0,5.0,0.0,0.0,1.0,4.0,4.0,4.0,0.0,2.0,3.0,0.0,0.0,0.21052631578947367,0.21052631578947367,0.0,0.0,0.0,0.0,0.0,0.0,0.0,0.0,0.0,0.0,0.0,0.0,0.0,0.0,0.0,0.0,0.0,0.0,0.0,0.0,0.0,0.0,0.0,0.0,0.0,0.0,4.0,40.0,36.0,3.0,1.0,3.0,0.0,0.0,0.0,0.0,0,48.0,67.0,5.0,王念好,富邦,2023,0.8070175438596491
0.0,2024,137.0,2.0,44.0,1.0,1.0,9.0,158.0,19.0,43.0,30.0,1.0,2.0,11.0,17.0,34.0,46.0,1.0,33.0,17.0,1.0,1.0,0.10759493670886076,0.2721518987341772,0.0,0.0,0.0,0.0,0.0,0.0,0.0,0.0,0.0,0.0,0.0,0.0,0.0,0.0,0.0,0.0,0.0,0.0,0.0,0.0,0.0,0.0,0.0,0.0,0.0,0.0,35.0,176.0,145.0,26.0,5.0,16.0,0.0,0.0,0.0,0.0,0,53.0,66.0,1.0,王念好,富邦,2024,0.6269003672881119
1.0,2024,432.0,7.0,245.0,1.0,0.0,24.0,493.0,71.0,100.0,127.0,3.0,4.0,71.0,51.0,142.0,115.0,2.0,70.0,99.0,30.0,9.0,0.10344827586206896,0.2028397565922921,0.0,0.0,0.0,0.0,0.0,0.0,0.0,0.0,0.0,0.0,0.0,0.0,0.0,0.0,0.0,0.0,0.0,0.0,0.0,0.0,0.0,0.0,0.0,0.0,0.0,0.0,30.0,255.0,232.0,14.0,9.0,25.0,0.0,0.0,0.0,0.0,0,49.0,70.0,1.0,魔鷹,台鋼,2024,0.9342695890616783
2.0,2024,169.0,0.0,54.0,1.0,0.0,5.0,181.0,37.0,28.0,44.0,2.0,4.0,23.0,10.0,50.0,52.0,1.0,47.0,7.0,1.0,0.0,0.055248618784530384,0.15469613259668508,0.0,0.0,0.0,0.0,0.0,0.0,0.0,0.0,0.0,0.0,0.0,0.0,0.0,0.0,0.0,0.0,0.0,0.0,0.0,0.0,0.0,0.0,0.0,0.0,0.0,0.0,52.0,184.0,72.0,102.0,10.0,17.0,0.0,0.0,0.0,0.0,2,66.0,53.0,1.0,陳聖平,統一,2024,0.628918892412305
0.0,2024,5.0,0.0,0.0,0.0,0.0,0.0,5.0,0.0,1.0,0.0,0.0,0.0,0.0,0.0,3.0,1.0,0.0,1.0,0.0,0.0,0.0,0.0,0.2,0.0,0.0,0.0,0.0,0.0,0.0,0.0,0.0,0.0,0.0,0.0,0.0,0.0,0.0,0.0,0.0,0.0,0.0,0.0,0.0,0.0,0.0,0.0,0.0,0.0,0.0,1.0,1.0,1.0,0.0,0.0,0.0,0.0,0.0,0.0,0.0,4,70.0,50.0,0.0,許庭綸,中信,2024,0.0
